date,state_name,stringency_index
20200325,Alabama,42.857142857142854
20200326,Alabama,42.857142857142854
20200327,Alabama,42.857142857142854
20200330,Alabama,47.61904761904763
20200401,Alabama,47.61904761904763
20200403,Alabama,47.61904761904763
20200406,Alabama,76.19047619047619
20200409,Alabama,76.19047619047619
20200410,Alabama,76.19047619047619
20200416,Alabama,76.19047619047619
20200417,Alabama,76.19047619047619
20200421,Alabama,76.19047619047619
20200422,Alabama,76.19047619047619
20200423,Alabama,76.19047619047619
20200424,Alabama,76.19047619047619
20200427,Alabama,76.19047619047619
20200429,Alabama,76.19047619047619
20200430,Alabama,50.47619047619048
20200505,Alabama,46.1904761904762
20200507,Alabama,46.1904761904762
20200325,Alaska,40.47619047619048
20200326,Alaska,47.61904761904763
20200327,Alaska,47.61904761904763
20200330,Alaska,85.71428571428571
20200401,Alaska,85.71428571428571
20200403,Alaska,85.71428571428571
20200406,Alaska,85.71428571428571
20200409,Alaska,85.71428571428571
20200410,Alaska,85.71428571428571
20200416,Alaska,85.71428571428571
20200417,Alaska,85.71428571428571
20200421,Alaska,85.71428571428571
20200422,Alaska,85.71428571428571
20200423,Alaska,85.71428571428571
20200424,Alaska,75.71428571428571
20200427,Alaska,56.666666666666664
20200429,Alaska,56.666666666666664
20200430,Alaska,56.666666666666664
20200505,Alaska,34.285714285714285
20200507,Alaska,34.285714285714285
20200325,Arizona,28.571428571428573
20200326,Arizona,28.571428571428573
20200327,Arizona,28.571428571428573
20200330,Arizona,57.142857142857146
20200401,Arizona,69.04761904761905
20200403,Arizona,69.04761904761905
20200406,Arizona,69.04761904761905
20200409,Arizona,76.19047619047619
20200410,Arizona,76.19047619047619
20200416,Arizona,76.19047619047619
20200417,Arizona,76.19047619047619
20200421,Arizona,76.19047619047619
20200422,Arizona,76.19047619047619
20200423,Arizona,76.19047619047619
20200424,Arizona,76.19047619047619
20200427,Arizona,76.19047619047619
20200429,Arizona,76.19047619047619
20200430,Arizona,76.19047619047619
20200505,Arizona,76.19047619047619
20200507,Arizona,76.19047619047619
20200325,Arkansas,28.571428571428573
20200326,Arkansas,28.571428571428573
20200327,Arkansas,40.47619047619048
20200330,Arkansas,40.47619047619048
20200401,Arkansas,40.47619047619048
20200403,Arkansas,40.47619047619048
20200406,Arkansas,40.47619047619048
20200409,Arkansas,40.47619047619048
20200410,Arkansas,40.47619047619048
20200416,Arkansas,40.47619047619048
20200417,Arkansas,40.47619047619048
20200421,Arkansas,40.47619047619048
20200422,Arkansas,40.47619047619048
20200423,Arkansas,40.47619047619048
20200424,Arkansas,40.47619047619048
20200427,Arkansas,40.47619047619048
20200429,Arkansas,40.47619047619048
20200430,Arkansas,40.47619047619048
20200505,Arkansas,40.47619047619048
20200507,Arkansas,40.47619047619048
20200325,California,57.142857142857146
20200326,California,71.42857142857143
20200327,California,71.42857142857143
20200330,California,71.42857142857143
20200401,California,71.42857142857143
20200403,California,71.42857142857143
20200406,California,71.42857142857143
20200409,California,71.42857142857143
20200410,California,71.42857142857143
20200416,California,71.42857142857143
20200417,California,71.42857142857143
20200421,California,71.42857142857143
20200422,California,64.28571428571429
20200423,California,64.28571428571429
20200424,California,64.28571428571429
20200427,California,64.28571428571429
20200429,California,64.28571428571429
20200430,California,64.28571428571429
20200505,California,64.28571428571429
20200507,California,64.28571428571429
20200325,Colorado,40.47619047619048
20200326,Colorado,40.47619047619048
20200327,Colorado,71.42857142857143
20200330,Colorado,71.42857142857143
20200401,Colorado,71.42857142857143
20200403,Colorado,71.42857142857143
20200406,Colorado,71.42857142857143
20200409,Colorado,71.42857142857143
20200410,Colorado,71.42857142857143
20200416,Colorado,71.42857142857143
20200417,Colorado,71.42857142857143
20200421,Colorado,71.42857142857143
20200422,Colorado,71.42857142857143
20200423,Colorado,71.42857142857143
20200424,Colorado,71.42857142857143
20200427,Colorado,50.47619047619048
20200429,Colorado,50.47619047619048
20200430,Colorado,50.47619047619048
20200505,Colorado,53.333333333333336
20200507,Colorado,53.333333333333336
20200325,Connecticut,52.38095238095237
20200326,Connecticut,52.38095238095237
20200327,Connecticut,54.76190476190476
20200330,Connecticut,54.76190476190476
20200401,Connecticut,54.76190476190476
20200403,Connecticut,69.04761904761905
20200406,Connecticut,69.04761904761905
20200409,Connecticut,69.04761904761905
20200410,Connecticut,69.04761904761905
20200416,Connecticut,69.04761904761905
20200417,Connecticut,69.04761904761905
20200421,Connecticut,69.04761904761905
20200422,Connecticut,69.04761904761905
20200423,Connecticut,69.04761904761905
20200424,Connecticut,69.04761904761905
20200427,Connecticut,69.04761904761905
20200429,Connecticut,69.04761904761905
20200430,Connecticut,69.04761904761905
20200505,Connecticut,69.04761904761905
20200507,Connecticut,69.04761904761905
20200325,Delaware,52.38095238095237
20200326,Delaware,66.66666666666666
20200327,Delaware,66.66666666666666
20200330,Delaware,80.95238095238096
20200401,Delaware,80.95238095238096
20200403,Delaware,90.47619047619048
20200406,Delaware,90.47619047619048
20200409,Delaware,90.47619047619048
20200410,Delaware,90.47619047619048
20200416,Delaware,90.47619047619048
20200417,Delaware,90.47619047619048
20200421,Delaware,90.47619047619048
20200422,Delaware,90.47619047619048
20200423,Delaware,90.47619047619048
20200424,Delaware,90.47619047619048
20200427,Delaware,90.47619047619048
20200429,Delaware,90.47619047619048
20200430,Delaware,90.47619047619048
20200505,Delaware,90.47619047619048
20200507,Delaware,90.47619047619048
20200325,District of Columbia,54.761904761904766
20200326,District of Columbia,54.761904761904766
20200327,District of Columbia,54.761904761904766
20200330,District of Columbia,69.04761904761905
20200401,District of Columbia,69.04761904761905
20200403,District of Columbia,69.04761904761905
20200406,District of Columbia,69.04761904761905
20200409,District of Columbia,69.04761904761905
20200410,District of Columbia,69.04761904761905
20200416,District of Columbia,69.04761904761905
20200417,District of Columbia,69.04761904761905
20200421,District of Columbia,69.04761904761905
20200422,District of Columbia,69.04761904761905
20200423,District of Columbia,69.04761904761905
20200424,District of Columbia,69.04761904761905
20200427,District of Columbia,69.04761904761905
20200429,District of Columbia,69.04761904761905
20200430,District of Columbia,69.04761904761905
20200505,District of Columbia,69.04761904761905
20200507,District of Columbia,69.04761904761905
20200325,Florida,28.571428571428573
20200326,Florida,32.142857142857146
20200327,Florida,32.142857142857146
20200330,Florida,35.714285714285715
20200401,Florida,69.04761904761905
20200403,Florida,69.04761904761905
20200406,Florida,69.04761904761905
20200409,Florida,69.04761904761905
20200410,Florida,69.04761904761905
20200416,Florida,69.04761904761905
20200417,Florida,69.04761904761905
20200421,Florida,69.04761904761905
20200422,Florida,61.904761904761905
20200423,Florida,61.904761904761905
20200424,Florida,61.904761904761905
20200427,Florida,61.904761904761905
20200429,Florida,61.904761904761905
20200430,Florida,61.904761904761905
20200505,Florida,24.76190476190476
20200507,Florida,24.76190476190476
20200325,Georgia,28.571428571428573
20200326,Georgia,35.714285714285715
20200327,Georgia,35.714285714285715
20200330,Georgia,40.476190476190474
20200401,Georgia,40.476190476190474
20200403,Georgia,61.90476190476191
20200406,Georgia,61.90476190476191
20200409,Georgia,61.90476190476191
20200410,Georgia,61.90476190476191
20200416,Georgia,61.90476190476191
20200417,Georgia,61.90476190476191
20200421,Georgia,66.19047619047619
20200422,Georgia,66.19047619047619
20200423,Georgia,66.19047619047619
20200424,Georgia,66.19047619047619
20200427,Georgia,66.19047619047619
20200429,Georgia,66.19047619047619
20200430,Georgia,66.19047619047619
20200505,Georgia,46.1904761904762
20200507,Georgia,46.1904761904762
20200325,Hawaii,54.761904761904766
20200326,Hawaii,69.04761904761905
20200327,Hawaii,69.04761904761905
20200330,Hawaii,83.33333333333334
20200401,Hawaii,83.33333333333334
20200403,Hawaii,83.33333333333334
20200406,Hawaii,83.33333333333334
20200409,Hawaii,83.33333333333334
20200410,Hawaii,83.33333333333334
20200416,Hawaii,83.33333333333334
20200417,Hawaii,83.33333333333334
20200421,Hawaii,83.33333333333334
20200422,Hawaii,83.33333333333334
20200423,Hawaii,83.33333333333334
20200424,Hawaii,83.33333333333334
20200427,Hawaii,83.33333333333334
20200429,Hawaii,83.33333333333334
20200430,Hawaii,83.33333333333334
20200505,Hawaii,83.33333333333334
20200507,Hawaii,74.76190476190477
20200325,Idaho,0.0
20200326,Idaho,57.142857142857146
20200327,Idaho,71.42857142857143
20200330,Idaho,71.42857142857143
20200401,Idaho,71.42857142857143
20200403,Idaho,71.42857142857143
20200406,Idaho,71.42857142857143
20200409,Idaho,71.42857142857143
20200410,Idaho,71.42857142857143
20200416,Idaho,85.71428571428571
20200417,Idaho,85.71428571428571
20200421,Idaho,85.71428571428571
20200422,Idaho,78.57142857142857
20200423,Idaho,78.57142857142857
20200424,Idaho,78.57142857142857
20200427,Idaho,78.57142857142857
20200429,Idaho,78.57142857142857
20200430,Idaho,78.57142857142857
20200505,Idaho,41.42857142857143
20200507,Idaho,41.42857142857143
20200325,Illinois,57.142857142857146
20200326,Illinois,71.42857142857143
20200327,Illinois,71.42857142857143
20200330,Illinois,71.42857142857143
20200401,Illinois,71.42857142857143
20200403,Illinois,71.42857142857143
20200406,Illinois,71.42857142857143
20200409,Illinois,71.42857142857143
20200410,Illinois,71.42857142857143
20200416,Illinois,71.42857142857143
20200417,Illinois,71.42857142857143
20200421,Illinois,71.42857142857143
20200422,Illinois,71.42857142857143
20200423,Illinois,71.42857142857143
20200424,Illinois,71.42857142857143
20200427,Illinois,71.42857142857143
20200429,Illinois,71.42857142857143
20200430,Illinois,71.42857142857143
20200505,Illinois,71.42857142857143
20200507,Illinois,71.42857142857143
20200325,Indiana,64.28571428571429
20200326,Indiana,78.57142857142857
20200327,Indiana,78.57142857142857
20200330,Indiana,78.57142857142857
20200401,Indiana,78.57142857142857
20200403,Indiana,78.57142857142857
20200406,Indiana,78.57142857142857
20200409,Indiana,78.57142857142857
20200410,Indiana,78.57142857142857
20200416,Indiana,78.57142857142857
20200417,Indiana,78.57142857142857
20200421,Indiana,78.57142857142857
20200422,Indiana,78.57142857142857
20200423,Indiana,78.57142857142857
20200424,Indiana,78.57142857142857
20200427,Indiana,78.57142857142857
20200429,Indiana,78.57142857142857
20200430,Indiana,78.57142857142857
20200505,Indiana,48.57142857142857
20200507,Indiana,48.57142857142857
20200325,Iowa,26.190476190476193
20200326,Iowa,26.190476190476193
20200327,Iowa,26.190476190476193
20200330,Iowa,26.190476190476193
20200401,Iowa,26.190476190476193
20200403,Iowa,40.47619047619048
20200406,Iowa,40.47619047619048
20200409,Iowa,40.47619047619048
20200410,Iowa,40.47619047619048
20200416,Iowa,40.47619047619048
20200417,Iowa,40.47619047619048
20200421,Iowa,51.90476190476191
20200422,Iowa,51.90476190476191
20200423,Iowa,51.90476190476191
20200424,Iowa,51.90476190476191
20200427,Iowa,51.90476190476191
20200429,Iowa,51.90476190476191
20200430,Iowa,51.90476190476191
20200505,Iowa,31.904761904761905
20200507,Iowa,31.904761904761905
20200325,Kansas,33.333333333333336
20200326,Kansas,36.90476190476191
20200327,Kansas,36.90476190476191
20200330,Kansas,69.04761904761905
20200401,Kansas,69.04761904761905
20200403,Kansas,69.04761904761905
20200406,Kansas,69.04761904761905
20200409,Kansas,69.04761904761905
20200410,Kansas,69.04761904761905
20200416,Kansas,69.04761904761905
20200417,Kansas,69.04761904761905
20200421,Kansas,69.04761904761905
20200422,Kansas,69.04761904761905
20200423,Kansas,69.04761904761905
20200424,Kansas,69.04761904761905
20200427,Kansas,69.04761904761905
20200429,Kansas,69.04761904761905
20200430,Kansas,69.04761904761905
20200505,Kansas,39.04761904761905
20200507,Kansas,39.04761904761905
20200325,Kentucky,51.904761904761905
20200326,Kentucky,51.904761904761905
20200327,Kentucky,51.904761904761905
20200330,Kentucky,55.476190476190474
20200401,Kentucky,55.476190476190474
20200403,Kentucky,79.28571428571429
20200406,Kentucky,79.28571428571429
20200409,Kentucky,79.28571428571429
20200410,Kentucky,79.28571428571429
20200416,Kentucky,79.28571428571429
20200417,Kentucky,79.28571428571429
20200421,Kentucky,79.28571428571429
20200422,Kentucky,72.14285714285714
20200423,Kentucky,72.14285714285714
20200424,Kentucky,72.14285714285714
20200427,Kentucky,72.14285714285714
20200429,Kentucky,72.14285714285714
20200430,Kentucky,72.14285714285714
20200505,Kentucky,60.714285714285715
20200507,Kentucky,57.142857142857146
20200325,Louisiana,47.61904761904763
20200326,Louisiana,61.90476190476191
20200327,Louisiana,61.90476190476191
20200330,Louisiana,61.90476190476191
20200401,Louisiana,61.90476190476191
20200403,Louisiana,61.90476190476191
20200406,Louisiana,61.90476190476191
20200409,Louisiana,61.90476190476191
20200410,Louisiana,61.90476190476191
20200416,Louisiana,61.90476190476191
20200417,Louisiana,61.90476190476191
20200421,Louisiana,73.33333333333334
20200422,Louisiana,73.33333333333334
20200423,Louisiana,73.33333333333334
20200424,Louisiana,73.33333333333334
20200427,Louisiana,73.33333333333334
20200429,Louisiana,73.33333333333334
20200430,Louisiana,73.33333333333334
20200505,Louisiana,61.90476190476191
20200507,Louisiana,61.90476190476191
20200325,Maine,40.47619047619048
20200326,Maine,40.47619047619048
20200327,Maine,40.47619047619048
20200330,Maine,40.47619047619048
20200401,Maine,69.04761904761905
20200403,Maine,69.04761904761905
20200406,Maine,83.33333333333334
20200409,Maine,83.33333333333334
20200410,Maine,83.33333333333334
20200416,Maine,90.47619047619048
20200417,Maine,90.47619047619048
20200421,Maine,90.47619047619048
20200422,Maine,83.33333333333334
20200423,Maine,83.33333333333334
20200424,Maine,83.33333333333334
20200427,Maine,83.33333333333334
20200429,Maine,83.33333333333334
20200430,Maine,83.33333333333334
20200505,Maine,74.76190476190477
20200507,Maine,74.76190476190477
20200325,Maryland,61.90476190476191
20200326,Maryland,61.90476190476191
20200327,Maryland,61.90476190476191
20200330,Maryland,90.47619047619048
20200401,Maryland,90.47619047619048
20200403,Maryland,90.47619047619048
20200406,Maryland,90.47619047619048
20200409,Maryland,90.47619047619048
20200410,Maryland,90.47619047619048
20200416,Maryland,90.47619047619048
20200417,Maryland,90.47619047619048
20200421,Maryland,90.47619047619048
20200422,Maryland,90.47619047619048
20200423,Maryland,90.47619047619048
20200424,Maryland,90.47619047619048
20200427,Maryland,90.47619047619048
20200429,Maryland,90.47619047619048
20200430,Maryland,90.47619047619048
20200505,Maryland,90.47619047619048
20200507,Maryland,90.47619047619048
20200325,Massachusetts,54.761904761904766
20200326,Massachusetts,54.761904761904766
20200327,Massachusetts,54.761904761904766
20200330,Massachusetts,69.04761904761905
20200401,Massachusetts,69.04761904761905
20200403,Massachusetts,83.33333333333334
20200406,Massachusetts,83.33333333333334
20200409,Massachusetts,83.33333333333334
20200410,Massachusetts,83.33333333333334
20200416,Massachusetts,83.33333333333334
20200417,Massachusetts,83.33333333333334
20200421,Massachusetts,83.33333333333334
20200422,Massachusetts,83.33333333333334
20200423,Massachusetts,83.33333333333334
20200424,Massachusetts,83.33333333333334
20200427,Massachusetts,83.33333333333334
20200429,Massachusetts,83.33333333333334
20200430,Massachusetts,83.33333333333334
20200505,Massachusetts,83.33333333333334
20200507,Massachusetts,83.33333333333334
20200325,Michigan,57.142857142857146
20200326,Michigan,71.42857142857143
20200327,Michigan,71.42857142857143
20200330,Michigan,71.42857142857143
20200401,Michigan,71.42857142857143
20200403,Michigan,71.42857142857143
20200406,Michigan,71.42857142857143
20200409,Michigan,71.42857142857143
20200410,Michigan,71.42857142857143
20200416,Michigan,71.42857142857143
20200417,Michigan,71.42857142857143
20200421,Michigan,71.42857142857143
20200422,Michigan,71.42857142857143
20200423,Michigan,71.42857142857143
20200424,Michigan,68.57142857142857
20200427,Michigan,68.57142857142857
20200429,Michigan,68.57142857142857
20200430,Michigan,68.57142857142857
20200505,Michigan,62.857142857142854
20200507,Michigan,62.857142857142854
20200325,Minnesota,28.571428571428573
20200326,Minnesota,42.857142857142854
20200327,Minnesota,42.857142857142854
20200330,Minnesota,42.857142857142854
20200401,Minnesota,42.857142857142854
20200403,Minnesota,42.857142857142854
20200406,Minnesota,42.857142857142854
20200409,Minnesota,42.857142857142854
20200410,Minnesota,42.857142857142854
20200416,Minnesota,42.857142857142854
20200417,Minnesota,42.857142857142854
20200421,Minnesota,42.857142857142854
20200422,Minnesota,42.857142857142854
20200423,Minnesota,42.857142857142854
20200424,Minnesota,42.857142857142854
20200427,Minnesota,54.285714285714285
20200429,Minnesota,54.285714285714285
20200430,Minnesota,54.285714285714285
20200505,Minnesota,48.57142857142857
20200507,Minnesota,48.57142857142857
20200325,Mississippi,40.47619047619048
20200326,Mississippi,40.47619047619048
20200327,Mississippi,40.47619047619048
20200330,Mississippi,40.47619047619048
20200401,Mississippi,51.1904761904762
20200403,Mississippi,76.19047619047619
20200406,Mississippi,76.19047619047619
20200409,Mississippi,76.19047619047619
20200410,Mississippi,76.19047619047619
20200416,Mississippi,76.19047619047619
20200417,Mississippi,76.19047619047619
20200421,Mississippi,76.19047619047619
20200422,Mississippi,76.19047619047619
20200423,Mississippi,76.19047619047619
20200424,Mississippi,76.19047619047619
20200427,Mississippi,59.04761904761905
20200429,Mississippi,59.04761904761905
20200430,Mississippi,59.04761904761905
20200505,Mississippi,53.333333333333336
20200507,Mississippi,39.04761904761905
20200325,Missouri,40.47619047619048
20200326,Missouri,40.47619047619048
20200327,Missouri,40.47619047619048
20200330,Missouri,40.47619047619048
20200401,Missouri,40.47619047619048
20200403,Missouri,40.47619047619048
20200406,Missouri,69.04761904761905
20200409,Missouri,69.04761904761905
20200410,Missouri,69.04761904761905
20200416,Missouri,69.04761904761905
20200417,Missouri,69.04761904761905
20200421,Missouri,69.04761904761905
20200422,Missouri,69.04761904761905
20200423,Missouri,69.04761904761905
20200424,Missouri,69.04761904761905
20200427,Missouri,57.142857142857146
20200429,Missouri,57.142857142857146
20200430,Missouri,57.142857142857146
20200505,Missouri,17.142857142857142
20200507,Missouri,17.142857142857142
20200325,Montana,40.47619047619048
20200326,Montana,40.47619047619048
20200327,Montana,71.42857142857143
20200330,Montana,71.42857142857143
20200401,Montana,85.71428571428571
20200403,Montana,85.71428571428571
20200406,Montana,85.71428571428571
20200409,Montana,85.71428571428571
20200410,Montana,85.71428571428571
20200416,Montana,85.71428571428571
20200417,Montana,85.71428571428571
20200421,Montana,85.71428571428571
20200422,Montana,85.71428571428571
20200423,Montana,85.71428571428571
20200424,Montana,85.71428571428571
20200427,Montana,45.714285714285715
20200429,Montana,45.714285714285715
20200430,Montana,45.714285714285715
20200505,Montana,34.285714285714285
20200507,Montana,20.0
20200325,Nebraska,19.047619047619044
20200326,Nebraska,19.047619047619044
20200327,Nebraska,19.047619047619044
20200330,Nebraska,19.047619047619044
20200401,Nebraska,19.047619047619044
20200403,Nebraska,26.190476190476186
20200406,Nebraska,40.47619047619048
20200409,Nebraska,40.47619047619048
20200410,Nebraska,40.47619047619048
20200416,Nebraska,40.47619047619048
20200417,Nebraska,40.47619047619048
20200421,Nebraska,40.47619047619048
20200422,Nebraska,40.47619047619048
20200423,Nebraska,40.47619047619048
20200424,Nebraska,40.47619047619048
20200427,Nebraska,40.47619047619048
20200429,Nebraska,40.47619047619048
20200430,Nebraska,40.47619047619048
20200505,Nebraska,26.190476190476193
20200507,Nebraska,26.190476190476193
20200325,Nevada,54.761904761904766
20200326,Nevada,54.761904761904766
20200327,Nevada,54.761904761904766
20200330,Nevada,54.761904761904766
20200401,Nevada,69.04761904761905
20200403,Nevada,69.04761904761905
20200406,Nevada,69.04761904761905
20200409,Nevada,69.04761904761905
20200410,Nevada,69.04761904761905
20200416,Nevada,69.04761904761905
20200417,Nevada,69.04761904761905
20200421,Nevada,69.04761904761905
20200422,Nevada,69.04761904761905
20200423,Nevada,69.04761904761905
20200424,Nevada,69.04761904761905
20200427,Nevada,69.04761904761905
20200429,Nevada,69.04761904761905
20200430,Nevada,69.04761904761905
20200505,Nevada,69.04761904761905
20200507,Nevada,69.04761904761905
20200325,New Hampshire,40.47619047619048
20200326,New Hampshire,40.47619047619048
20200327,New Hampshire,69.04761904761905
20200330,New Hampshire,69.04761904761905
20200401,New Hampshire,69.04761904761905
20200403,New Hampshire,69.04761904761905
20200406,New Hampshire,69.04761904761905
20200409,New Hampshire,69.04761904761905
20200410,New Hampshire,69.04761904761905
20200416,New Hampshire,69.04761904761905
20200417,New Hampshire,69.04761904761905
20200421,New Hampshire,69.04761904761905
20200422,New Hampshire,69.04761904761905
20200423,New Hampshire,69.04761904761905
20200424,New Hampshire,69.04761904761905
20200427,New Hampshire,69.04761904761905
20200429,New Hampshire,69.04761904761905
20200430,New Hampshire,69.04761904761905
20200505,New Hampshire,69.04761904761905
20200507,New Hampshire,69.04761904761905
20200325,New Jersey,54.285714285714285
20200326,New Jersey,68.57142857142857
20200327,New Jersey,68.57142857142857
20200330,New Jersey,68.57142857142857
20200401,New Jersey,68.57142857142857
20200403,New Jersey,68.57142857142857
20200406,New Jersey,68.57142857142857
20200409,New Jersey,75.71428571428571
20200410,New Jersey,75.71428571428571
20200416,New Jersey,75.71428571428571
20200417,New Jersey,75.71428571428571
20200421,New Jersey,75.71428571428571
20200422,New Jersey,75.71428571428571
20200423,New Jersey,75.71428571428571
20200424,New Jersey,75.71428571428571
20200427,New Jersey,75.71428571428571
20200429,New Jersey,75.71428571428571
20200430,New Jersey,75.71428571428571
20200505,New Jersey,64.28571428571429
20200507,New Jersey,64.28571428571429
20200325,New Mexico,50.0
20200326,New Mexico,50.0
20200327,New Mexico,50.0
20200330,New Mexico,60.714285714285715
20200401,New Mexico,60.714285714285715
20200403,New Mexico,75.0
20200406,New Mexico,75.0
20200409,New Mexico,75.0
20200410,New Mexico,75.0
20200416,New Mexico,75.0
20200417,New Mexico,75.0
20200421,New Mexico,75.0
20200422,New Mexico,75.0
20200423,New Mexico,75.0
20200424,New Mexico,75.0
20200427,New Mexico,75.0
20200429,New Mexico,75.0
20200430,New Mexico,75.0
20200505,New Mexico,67.85714285714286
20200507,New Mexico,67.85714285714286
20200325,New York,57.142857142857146
20200326,New York,64.28571428571429
20200327,New York,64.28571428571429
20200330,New York,71.42857142857143
20200401,New York,71.42857142857143
20200403,New York,78.57142857142857
20200406,New York,78.57142857142857
20200409,New York,78.57142857142857
20200410,New York,78.57142857142857
20200416,New York,78.57142857142857
20200417,New York,78.57142857142857
20200421,New York,78.57142857142857
20200422,New York,78.57142857142857
20200423,New York,78.57142857142857
20200424,New York,78.57142857142857
20200427,New York,85.71428571428571
20200429,New York,85.71428571428571
20200430,New York,85.71428571428571
20200505,New York,85.71428571428571
20200507,New York,85.71428571428571
20200325,North Carolina,30.952380952380953
20200326,North Carolina,30.952380952380953
20200327,North Carolina,69.04761904761905
20200330,North Carolina,69.04761904761905
20200401,North Carolina,69.04761904761905
20200403,North Carolina,69.04761904761905
20200406,North Carolina,69.04761904761905
20200409,North Carolina,69.04761904761905
20200410,North Carolina,69.04761904761905
20200416,North Carolina,69.04761904761905
20200417,North Carolina,69.04761904761905
20200421,North Carolina,69.04761904761905
20200422,North Carolina,69.04761904761905
20200423,North Carolina,69.04761904761905
20200424,North Carolina,69.04761904761905
20200427,North Carolina,69.04761904761905
20200429,North Carolina,69.04761904761905
20200430,North Carolina,69.04761904761905
20200505,North Carolina,69.04761904761905
20200507,North Carolina,69.04761904761905
20200325,North Dakota,28.571428571428573
20200326,North Dakota,28.571428571428573
20200327,North Dakota,28.571428571428573
20200330,North Dakota,28.571428571428573
20200401,North Dakota,28.571428571428573
20200403,North Dakota,28.571428571428573
20200406,North Dakota,28.571428571428573
20200409,North Dakota,35.714285714285715
20200410,North Dakota,42.857142857142854
20200416,North Dakota,42.857142857142854
20200417,North Dakota,42.857142857142854
20200421,North Dakota,54.285714285714285
20200422,North Dakota,54.285714285714285
20200423,North Dakota,54.285714285714285
20200424,North Dakota,54.285714285714285
20200427,North Dakota,54.285714285714285
20200429,North Dakota,54.285714285714285
20200430,North Dakota,54.285714285714285
20200505,North Dakota,31.428571428571427
20200507,North Dakota,31.428571428571427
20200325,Ohio,64.28571428571429
20200326,Ohio,78.57142857142857
20200327,Ohio,78.57142857142857
20200330,Ohio,78.57142857142857
20200401,Ohio,78.57142857142857
20200403,Ohio,78.57142857142857
20200406,Ohio,78.57142857142857
20200409,Ohio,92.85714285714286
20200410,Ohio,92.85714285714286
20200416,Ohio,92.85714285714286
20200417,Ohio,92.85714285714286
20200421,Ohio,92.85714285714286
20200422,Ohio,92.85714285714286
20200423,Ohio,92.85714285714286
20200424,Ohio,92.85714285714286
20200427,Ohio,92.85714285714286
20200429,Ohio,92.85714285714286
20200430,Ohio,92.85714285714286
20200505,Ohio,84.28571428571429
20200507,Ohio,84.28571428571429
20200325,Oklahoma,40.47619047619048
20200326,Oklahoma,40.47619047619048
20200327,Oklahoma,40.47619047619048
20200330,Oklahoma,47.61904761904763
20200401,Oklahoma,47.61904761904763
20200403,Oklahoma,61.90476190476191
20200406,Oklahoma,61.90476190476191
20200409,Oklahoma,61.90476190476191
20200410,Oklahoma,61.90476190476191
20200416,Oklahoma,61.90476190476191
20200417,Oklahoma,61.90476190476191
20200421,Oklahoma,61.90476190476191
20200422,Oklahoma,61.90476190476191
20200423,Oklahoma,61.90476190476191
20200424,Oklahoma,59.04761904761905
20200427,Oklahoma,59.04761904761905
20200429,Oklahoma,59.04761904761905
20200430,Oklahoma,59.04761904761905
20200505,Oklahoma,46.1904761904762
20200507,Oklahoma,46.1904761904762
20200325,Oregon,54.285714285714285
20200326,Oregon,68.57142857142857
20200327,Oregon,68.57142857142857
20200330,Oregon,68.57142857142857
20200401,Oregon,68.57142857142857
20200403,Oregon,68.57142857142857
20200406,Oregon,68.57142857142857
20200409,Oregon,68.57142857142857
20200410,Oregon,68.57142857142857
20200416,Oregon,68.57142857142857
20200417,Oregon,68.57142857142857
20200421,Oregon,68.57142857142857
20200422,Oregon,68.57142857142857
20200423,Oregon,68.57142857142857
20200424,Oregon,68.57142857142857
20200427,Oregon,68.57142857142857
20200429,Oregon,68.57142857142857
20200430,Oregon,68.57142857142857
20200505,Oregon,57.142857142857146
20200507,Oregon,57.142857142857146
20200325,Pennsylvania,42.857142857142854
20200326,Pennsylvania,53.57142857142857
20200327,Pennsylvania,53.57142857142857
20200330,Pennsylvania,53.57142857142857
20200401,Pennsylvania,53.57142857142857
20200403,Pennsylvania,71.42857142857143
20200406,Pennsylvania,71.42857142857143
20200409,Pennsylvania,71.42857142857143
20200410,Pennsylvania,71.42857142857143
20200416,Pennsylvania,71.42857142857143
20200417,Pennsylvania,71.42857142857143
20200421,Pennsylvania,71.42857142857143
20200422,Pennsylvania,71.42857142857143
20200423,Pennsylvania,71.42857142857143
20200424,Pennsylvania,71.42857142857143
20200427,Pennsylvania,71.42857142857143
20200429,Pennsylvania,71.42857142857143
20200430,Pennsylvania,71.42857142857143
20200505,Pennsylvania,71.42857142857143
20200507,Pennsylvania,71.42857142857143
20200325,Rhode Island,47.61904761904763
20200326,Rhode Island,51.1904761904762
20200327,Rhode Island,51.1904761904762
20200330,Rhode Island,80.47619047619047
20200401,Rhode Island,80.47619047619047
20200403,Rhode Island,80.47619047619047
20200406,Rhode Island,80.47619047619047
20200409,Rhode Island,80.47619047619047
20200410,Rhode Island,80.47619047619047
20200416,Rhode Island,80.47619047619047
20200417,Rhode Island,80.47619047619047
20200421,Rhode Island,80.47619047619047
20200422,Rhode Island,80.47619047619047
20200423,Rhode Island,80.47619047619047
20200424,Rhode Island,80.47619047619047
20200427,Rhode Island,80.47619047619047
20200429,Rhode Island,80.47619047619047
20200430,Rhode Island,80.47619047619047
20200505,Rhode Island,69.04761904761905
20200507,Rhode Island,69.04761904761905
20200325,South Carolina,30.952380952380953
20200326,South Carolina,30.952380952380953
20200327,South Carolina,30.952380952380953
20200330,South Carolina,30.952380952380953
20200401,South Carolina,45.238095238095234
20200403,South Carolina,45.238095238095234
20200406,South Carolina,45.238095238095234
20200409,South Carolina,71.42857142857143
20200410,South Carolina,71.42857142857143
20200416,South Carolina,71.42857142857143
20200417,South Carolina,71.42857142857143
20200421,South Carolina,68.57142857142857
20200422,South Carolina,68.57142857142857
20200423,South Carolina,68.57142857142857
20200424,South Carolina,68.57142857142857
20200427,South Carolina,68.57142857142857
20200429,South Carolina,68.57142857142857
20200430,South Carolina,68.57142857142857
20200505,South Carolina,34.285714285714285
20200507,South Carolina,34.285714285714285
20200325,South Dakota,26.190476190476193
20200326,South Dakota,26.190476190476193
20200327,South Dakota,26.190476190476193
20200330,South Dakota,26.190476190476193
20200401,South Dakota,26.190476190476193
20200403,South Dakota,26.190476190476193
20200406,South Dakota,26.190476190476193
20200409,South Dakota,26.190476190476193
20200410,South Dakota,26.190476190476193
20200416,South Dakota,26.190476190476193
20200417,South Dakota,26.190476190476193
20200421,South Dakota,26.190476190476193
20200422,South Dakota,19.047619047619047
20200423,South Dakota,19.047619047619047
20200424,South Dakota,19.047619047619047
20200427,South Dakota,19.047619047619047
20200429,South Dakota,7.142857142857143
20200430,South Dakota,7.142857142857143
20200505,South Dakota,7.142857142857143
20200507,South Dakota,7.142857142857143
20200325,Tennessee,40.47619047619048
20200326,Tennessee,40.47619047619048
20200327,Tennessee,40.47619047619048
20200330,Tennessee,69.04761904761905
20200401,Tennessee,69.04761904761905
20200403,Tennessee,69.04761904761905
20200406,Tennessee,69.04761904761905
20200409,Tennessee,69.04761904761905
20200410,Tennessee,69.04761904761905
20200416,Tennessee,69.04761904761905
20200417,Tennessee,69.04761904761905
20200421,Tennessee,66.19047619047619
20200422,Tennessee,59.04761904761905
20200423,Tennessee,59.04761904761905
20200424,Tennessee,59.04761904761905
20200427,Tennessee,51.90476190476191
20200429,Tennessee,37.61904761904763
20200430,Tennessee,37.61904761904763
20200505,Tennessee,24.761904761904763
20200507,Tennessee,24.761904761904763
20200325,Texas,40.47619047619048
20200326,Texas,44.04761904761905
20200327,Texas,44.04761904761905
20200330,Texas,47.61904761904763
20200401,Texas,51.1904761904762
20200403,Texas,51.1904761904762
20200406,Texas,51.1904761904762
20200409,Texas,51.1904761904762
20200410,Texas,51.1904761904762
20200416,Texas,51.1904761904762
20200417,Texas,51.1904761904762
20200421,Texas,51.1904761904762
20200422,Texas,51.1904761904762
20200423,Texas,51.1904761904762
20200424,Texas,51.1904761904762
20200427,Texas,51.1904761904762
20200429,Texas,51.1904761904762
20200430,Texas,51.1904761904762
20200505,Texas,33.333333333333336
20200507,Texas,33.333333333333336
20200325,Utah,40.47619047619048
20200326,Utah,28.571428571428573
20200327,Utah,28.571428571428573
20200330,Utah,50.0
20200401,Utah,50.0
20200403,Utah,50.0
20200406,Utah,50.0
20200409,Utah,50.0
20200410,Utah,50.0
20200416,Utah,50.0
20200417,Utah,50.0
20200421,Utah,50.0
20200422,Utah,50.0
20200423,Utah,50.0
20200424,Utah,50.0
20200427,Utah,50.0
20200429,Utah,50.0
20200430,Utah,50.0
20200505,Utah,21.428571428571427
20200507,Utah,21.428571428571427
20200325,Vermont,54.761904761904766
20200326,Vermont,69.04761904761905
20200327,Vermont,69.04761904761905
20200330,Vermont,83.33333333333334
20200401,Vermont,83.33333333333334
20200403,Vermont,83.33333333333334
20200406,Vermont,83.33333333333334
20200409,Vermont,83.33333333333334
20200410,Vermont,83.33333333333334
20200416,Vermont,83.33333333333334
20200417,Vermont,83.33333333333334
20200421,Vermont,80.47619047619048
20200422,Vermont,80.47619047619048
20200423,Vermont,80.47619047619048
20200424,Vermont,80.47619047619048
20200427,Vermont,80.47619047619048
20200429,Vermont,80.47619047619048
20200430,Vermont,80.47619047619048
20200505,Vermont,74.76190476190477
20200507,Vermont,74.76190476190477
20200325,Virginia,40.47619047619048
20200326,Virginia,40.47619047619048
20200327,Virginia,40.47619047619048
20200330,Virginia,54.761904761904766
20200401,Virginia,54.761904761904766
20200403,Virginia,54.761904761904766
20200406,Virginia,54.761904761904766
20200409,Virginia,54.761904761904766
20200410,Virginia,54.761904761904766
20200416,Virginia,54.761904761904766
20200417,Virginia,54.761904761904766
20200421,Virginia,66.19047619047619
20200422,Virginia,66.19047619047619
20200423,Virginia,66.19047619047619
20200424,Virginia,66.19047619047619
20200427,Virginia,66.19047619047619
20200429,Virginia,66.19047619047619
20200430,Virginia,66.19047619047619
20200505,Virginia,54.761904761904766
20200507,Virginia,54.761904761904766
20200325,Washington,57.142857142857146
20200326,Washington,71.42857142857143
20200327,Washington,71.42857142857143
20200330,Washington,71.42857142857143
20200401,Washington,71.42857142857143
20200403,Washington,71.42857142857143
20200406,Washington,71.42857142857143
20200409,Washington,71.42857142857143
20200410,Washington,71.42857142857143
20200416,Washington,71.42857142857143
20200417,Washington,71.42857142857143
20200421,Washington,71.42857142857143
20200422,Washington,71.42857142857143
20200423,Washington,71.42857142857143
20200424,Washington,71.42857142857143
20200427,Washington,71.42857142857143
20200429,Washington,71.42857142857143
20200430,Washington,71.42857142857143
20200505,Washington,71.42857142857143
20200507,Washington,71.42857142857143
20200325,West Virginia,57.142857142857146
20200326,West Virginia,71.42857142857143
20200327,West Virginia,71.42857142857143
20200330,West Virginia,78.57142857142857
20200401,West Virginia,78.57142857142857
20200403,West Virginia,85.71428571428571
20200406,West Virginia,76.19047619047618
20200409,West Virginia,76.19047619047618
20200410,West Virginia,76.19047619047618
20200416,West Virginia,76.19047619047618
20200417,West Virginia,76.19047619047618
20200421,West Virginia,76.19047619047618
20200422,West Virginia,76.19047619047618
20200423,West Virginia,76.19047619047618
20200424,West Virginia,76.19047619047618
20200427,West Virginia,76.19047619047618
20200429,West Virginia,76.19047619047618
20200430,West Virginia,76.19047619047618
20200505,West Virginia,41.42857142857143
20200507,West Virginia,41.42857142857143
20200325,Wisconsin,57.142857142857146
20200326,Wisconsin,71.42857142857143
20200327,Wisconsin,71.42857142857143
20200330,Wisconsin,71.42857142857143
20200401,Wisconsin,71.42857142857143
20200403,Wisconsin,71.42857142857143
20200406,Wisconsin,71.42857142857143
20200409,Wisconsin,71.42857142857143
20200410,Wisconsin,71.42857142857143
20200416,Wisconsin,71.42857142857143
20200417,Wisconsin,71.42857142857143
20200421,Wisconsin,71.42857142857143
20200422,Wisconsin,71.42857142857143
20200423,Wisconsin,71.42857142857143
20200424,Wisconsin,68.57142857142857
20200427,Wisconsin,68.57142857142857
20200429,Wisconsin,68.57142857142857
20200430,Wisconsin,68.57142857142857
20200505,Wisconsin,71.42857142857143
20200507,Wisconsin,71.42857142857143
20200325,Wyoming,40.47619047619048
20200326,Wyoming,40.47619047619048
20200327,Wyoming,40.47619047619048
20200330,Wyoming,40.47619047619048
20200401,Wyoming,40.47619047619048
20200403,Wyoming,40.47619047619048
20200406,Wyoming,54.761904761904766
20200409,Wyoming,54.761904761904766
20200410,Wyoming,54.761904761904766
20200416,Wyoming,54.761904761904766
20200417,Wyoming,54.761904761904766
20200421,Wyoming,54.761904761904766
20200422,Wyoming,54.761904761904766
20200423,Wyoming,54.761904761904766
20200424,Wyoming,54.761904761904766
20200427,Wyoming,54.761904761904766
20200429,Wyoming,54.761904761904766
20200430,Wyoming,54.761904761904766
20200505,Wyoming,54.761904761904766
20200507,Wyoming,54.761904761904766
