date,state_name,totaltestresults,confirmed,recovered,deaths
20200423,Alaska,12161.0,337.0,209.0,9.0
20200423,Alabama,52641.0,5778.0,,197.0
20200423,Arkansas,31590.0,2465.0,902.0,45.0
20200423,Arizona,58697.0,5769.0,1282.0,249.0
20200423,California,482097.0,37369.0,,1469.0
20200423,Colorado,50645.0,10878.0,,508.0
20200423,Connecticut,71497.0,23100.0,,1639.0
20200423,District of Columbia,15930.0,3361.0,648.0,139.0
20200423,Delaware,16912.0,3308.0,643.0,92.0
20200423,Florida,296708.0,28832.0,,979.0
20200423,Georgia,101062.0,21512.0,,872.0
20200423,Hawaii,26128.0,592.0,444.0,12.0
20200423,Iowa,29262.0,3924.0,1492.0,96.0
20200423,Idaho,18092.0,1802.0,767.0,54.0
20200423,Illinois,173316.0,36934.0,,1688.0
20200423,Indiana,72040.0,13039.0,,706.0
20200423,Kansas,21318.0,2482.0,,112.0
20200423,Kentucky,36075.0,3373.0,1311.0,185.0
20200423,Louisiana,143315.0,25739.0,,1540.0
20200423,Massachusetts,195076.0,46023.0,,2360.0
20200423,Maryland,80100.0,15737.0,1040.0,748.0
20200423,Maine,17721.0,937.0,485.0,44.0
20200423,Michigan,128321.0,35291.0,3237.0,2977.0
20200423,Minnesota,51548.0,2942.0,1536.0,200.0
20200423,Missouri,59450.0,6321.0,,218.0
20200423,Mississippi,55389.0,5153.0,,201.0
20200423,Montana,11875.0,442.0,306.0,14.0
20200423,North Carolina,96185.0,7608.0,,253.0
20200423,North Dakota,16330.0,709.0,269.0,15.0
20200423,Nebraska,17360.0,1813.0,,45.0
20200423,New Hampshire,16012.0,1588.0,550.0,48.0
20200423,New Jersey,200148.0,99989.0,,5368.0
20200423,New Mexico,41232.0,2210.0,547.0,71.0
20200423,Nevada,34749.0,4208.0,,189.0
20200423,New York,695920.0,263460.0,23887.0,15740.0
20200423,Ohio,102325.0,14142.0,,656.0
20200423,Oklahoma,46036.0,3017.0,1884.0,179.0
20200423,Oregon,43976.0,2127.0,,83.0
20200423,Pennsylvania,178708.0,36647.0,,1421.0
20200423,Rhode Island,44419.0,6256.0,342.0,189.0
20200423,South Carolina,44463.0,4917.0,3317.0,150.0
20200423,South Dakota,14065.0,1956.0,1064.0,9.0
20200423,Tennessee,123100.0,8266.0,4193.0,170.0
20200423,Texas,225078.0,21944.0,8025.0,561.0
20200423,Utah,80627.0,3612.0,1050.0,35.0
20200423,Virginia,64518.0,10627.0,1567.0,372.0
20200423,Vermont,13852.0,825.0,1710.0,43.0
20200423,Washington,147953.0,12494.0,,692.0
20200423,Wisconsin,56508.0,5052.0,,257.0
20200423,West Virginia,27905.0,967.0,380.0,29.0
20200423,Wyoming,7567.0,326.0,275.0,7.0
20200422,Alaska,12159.0,335.0,196.0,9.0
20200422,Alabama,48760.0,5465.0,,194.0
20200422,Arkansas,29713.0,2276.0,863.0,42.0
20200422,Arizona,56601.0,5459.0,1265.0,229.0
20200422,California,465327.0,35396.0,,1354.0
20200422,Colorado,48704.0,10447.0,,486.0
20200422,Connecticut,69918.0,22469.0,,1544.0
20200422,District of Columbia,15502.0,3206.0,645.0,127.0
20200422,Delaware,16553.0,3200.0,599.0,89.0
20200422,Florida,288627.0,28309.0,,910.0
20200422,Georgia,94072.0,20740.0,,836.0
20200422,Hawaii,25342.0,582.0,437.0,12.0
20200422,Iowa,28244.0,3748.0,1428.0,90.0
20200422,Idaho,17730.0,1766.0,710.0,51.0
20200422,Illinois,164346.0,35108.0,,1565.0
20200422,Indiana,69470.0,12438.0,,661.0
20200422,Kansas,20203.0,2211.0,,110.0
20200422,Kentucky,33328.0,3192.0,1266.0,171.0
20200422,Louisiana,142834.0,25258.0,,1473.0
20200422,Massachusetts,180462.0,42944.0,,2182.0
20200422,Maryland,76529.0,14775.0,981.0,631.0
20200422,Maine,17691.0,907.0,455.0,39.0
20200422,Michigan,118225.0,33966.0,3237.0,2813.0
20200422,Minnesota,49344.0,2721.0,1317.0,179.0
20200422,Missouri,58156.0,6137.0,,208.0
20200422,Mississippi,53835.0,4894.0,,193.0
20200422,Montana,11583.0,439.0,296.0,14.0
20200422,North Carolina,90336.0,7220.0,,242.0
20200422,North Dakota,15589.0,679.0,229.0,14.0
20200422,Nebraska,16679.0,1722.0,,38.0
20200422,New Hampshire,15041.0,1491.0,546.0,42.0
20200422,New Jersey,191659.0,95865.0,,5063.0
20200422,New Mexico,40877.0,2072.0,529.0,65.0
20200422,Nevada,33888.0,4081.0,,172.0
20200422,New York,669982.0,257216.0,23887.0,15302.0
20200422,Ohio,97998.0,13609.0,,610.0
20200422,Oklahoma,45913.0,2894.0,1772.0,170.0
20200422,Oregon,41185.0,2059.0,,78.0
20200422,Pennsylvania,171317.0,35045.0,,1622.0
20200422,Rhode Island,41722.0,5841.0,315.0,181.0
20200422,South Carolina,43111.0,4761.0,3317.0,140.0
20200422,South Dakota,13446.0,1858.0,937.0,8.0
20200422,Tennessee,114980.0,7842.0,4012.0,166.0
20200422,Texas,216783.0,21069.0,7341.0,543.0
20200422,Utah,76460.0,3445.0,970.0,34.0
20200422,Virginia,59169.0,10266.0,1497.0,324.0
20200422,Vermont,13462.0,823.0,1710.0,40.0
20200422,Washington,145243.0,12494.0,,682.0
20200422,Wisconsin,54347.0,4845.0,,246.0
20200422,West Virginia,25836.0,939.0,330.0,26.0
20200422,Wyoming,7623.0,322.0,254.0,6.0
20200421,Alaska,11119.0,329.0,168.0,9.0
20200421,Alabama,48526.0,5231.0,,177.0
20200421,Arkansas,27441.0,2227.0,809.0,43.0
20200421,Arizona,55152.0,5251.0,1155.0,208.0
20200421,California,300100.0,33261.0,,1268.0
20200421,Colorado,47466.0,10106.0,,449.0
20200421,Connecticut,64192.0,20360.0,,1423.0
20200421,District of Columbia,14939.0,3098.0,636.0,112.0
20200421,Delaware,16656.0,2931.0,565.0,82.0
20200421,Florida,277059.0,27495.0,,856.0
20200421,Georgia,88140.0,19881.0,,799.0
20200421,Hawaii,24696.0,584.0,423.0,10.0
20200421,Iowa,27615.0,3641.0,1293.0,83.0
20200421,Idaho,17660.0,1736.0,660.0,48.0
20200421,Illinois,154997.0,33059.0,,1468.0
20200421,Indiana,67264.0,12097.0,,630.0
20200421,Kansas,19101.0,2025.0,,107.0
20200421,Kentucky,32820.0,3050.0,1174.0,154.0
20200421,Louisiana,142430.0,24854.0,,1405.0
20200421,Massachusetts,175372.0,41199.0,,1961.0
20200421,Maryland,73635.0,14193.0,930.0,584.0
20200421,Maine,14964.0,888.0,443.0,36.0
20200421,Michigan,117226.0,32967.0,3237.0,2700.0
20200421,Minnesota,47697.0,2567.0,1254.0,160.0
20200421,Missouri,57120.0,5941.0,,189.0
20200421,Mississippi,52364.0,4716.0,,183.0
20200421,Montana,11241.0,437.0,273.0,12.0
20200421,North Carolina,83331.0,6951.0,,213.0
20200421,North Dakota,14987.0,644.0,214.0,13.0
20200421,Nebraska,16372.0,1648.0,,33.0
20200421,New Hampshire,14339.0,1491.0,521.0,42.0
20200421,New Jersey,184826.0,92387.0,,4753.0
20200421,New Mexico,38755.0,1971.0,501.0,58.0
20200421,Nevada,33055.0,3937.0,,163.0
20200421,New York,649325.0,251690.0,23887.0,14828.0
20200421,Ohio,94239.0,13250.0,,557.0
20200421,Oklahoma,44344.0,2807.0,1702.0,164.0
20200421,Oregon,41128.0,2002.0,,78.0
20200421,Pennsylvania,166851.0,34528.0,,1564.0
20200421,Rhode Island,39333.0,5500.0,315.0,171.0
20200421,South Carolina,41277.0,4439.0,2063.0,124.0
20200421,South Dakota,12815.0,1755.0,824.0,8.0
20200421,Tennessee,108182.0,7394.0,3828.0,157.0
20200421,Texas,205399.0,20196.0,6486.0,517.0
20200421,Utah,72358.0,3296.0,888.0,32.0
20200421,Virginia,58533.0,9630.0,1418.0,324.0
20200421,Vermont,13111.0,818.0,1710.0,40.0
20200421,Washington,141420.0,12494.0,,652.0
20200421,Wisconsin,52461.0,4620.0,,242.0
20200421,West Virginia,22763.0,914.0,330.0,26.0
20200421,Wyoming,7621.0,320.0,237.0,6.0
20200420,Alaska,10124.0,321.0,161.0,9.0
20200420,Alabama,45900.0,5025.0,,167.0
20200420,Arkansas,26553.0,1923.0,749.0,42.0
20200420,Arizona,54500.0,5064.0,1155.0,187.0
20200420,California,290500.0,30978.0,,1208.0
20200420,Colorado,46195.0,9730.0,,422.0
20200420,Connecticut,62806.0,19815.0,,1331.0
20200420,District of Columbia,14113.0,2927.0,630.0,105.0
20200420,Delaware,16470.0,2745.0,495.0,72.0
20200420,Florida,266225.0,26660.0,,806.0
20200420,Georgia,84328.0,18947.0,,733.0
20200420,Hawaii,24175.0,580.0,414.0,10.0
20200420,Iowa,25820.0,3159.0,1235.0,79.0
20200420,Idaho,17445.0,1672.0,585.0,45.0
20200420,Illinois,148358.0,31508.0,,1349.0
20200420,Indiana,64639.0,11686.0,,569.0
20200420,Kansas,18761.0,1986.0,,100.0
20200420,Kentucky,32572.0,2960.0,1174.0,148.0
20200420,Louisiana,142099.0,24523.0,,1328.0
20200420,Massachusetts,162241.0,38077.0,,1706.0
20200420,Maryland,71397.0,13684.0,917.0,516.0
20200420,Maine,14951.0,875.0,414.0,35.0
20200420,Michigan,113798.0,32000.0,3237.0,2468.0
20200420,Minnesota,46850.0,2470.0,1202.0,143.0
20200420,Missouri,56013.0,5807.0,,177.0
20200420,Mississippi,51434.0,4512.0,,169.0
20200420,Montana,11051.0,433.0,243.0,10.0
20200420,North Carolina,79484.0,6764.0,,179.0
20200420,North Dakota,14747.0,627.0,189.0,13.0
20200420,Nebraska,15680.0,1474.0,,28.0
20200420,New Hampshire,14118.0,1392.0,521.0,41.0
20200420,New Jersey,178057.0,88806.0,,4377.0
20200420,New Mexico,37042.0,1845.0,487.0,55.0
20200420,Nevada,32347.0,3830.0,,158.0
20200420,New York,633861.0,247512.0,23887.0,14347.0
20200420,Ohio,90436.0,12516.0,,509.0
20200420,Oklahoma,35646.0,2680.0,1614.0,143.0
20200420,Oregon,40045.0,1956.0,,75.0
20200420,Pennsylvania,162952.0,33232.0,,1204.0
20200420,Rhode Island,37080.0,5090.0,267.0,155.0
20200420,South Carolina,40480.0,4377.0,2063.0,120.0
20200420,South Dakota,12326.0,1685.0,709.0,7.0
20200420,Tennessee,100689.0,7238.0,3575.0,152.0
20200420,Texas,190394.0,19458.0,5706.0,495.0
20200420,Utah,68311.0,3213.0,776.0,28.0
20200420,Virginia,56735.0,8990.0,1324.0,300.0
20200420,Vermont,12981.0,816.0,15.0,38.0
20200420,Washington,139138.0,12286.0,,634.0
20200420,Wisconsin,51102.0,4499.0,,230.0
20200420,West Virginia,22155.0,902.0,290.0,24.0
20200420,Wyoming,7386.0,313.0,233.0,2.0
20200419,Alaska,9895.0,319.0,153.0,9.0
20200419,Alabama,45712.0,4837.0,,154.0
20200419,Arkansas,24209.0,1781.0,721.0,40.0
20200419,Arizona,52990.0,4929.0,994.0,184.0
20200419,California,280900.0,30333.0,,1166.0
20200419,Colorado,44606.0,9433.0,,411.0
20200419,Connecticut,58213.0,17550.0,,1086.0
20200419,District of Columbia,13699.0,2793.0,622.0,96.0
20200419,Delaware,14794.0,2538.0,466.0,67.0
20200419,Florida,256079.0,25996.0,,781.0
20200419,Georgia,79933.0,18301.0,,687.0
20200419,Hawaii,23470.0,574.0,410.0,9.0
20200419,Iowa,24550.0,2902.0,1171.0,75.0
20200419,Idaho,16869.0,1668.0,520.0,44.0
20200419,Illinois,143318.0,30357.0,,1290.0
20200419,Indiana,61142.0,11210.0,,562.0
20200419,Kansas,18130.0,1849.0,,92.0
20200419,Kentucky,32225.0,2707.0,1174.0,144.0
20200419,Louisiana,141504.0,23928.0,,1296.0
20200419,Massachusetts,162241.0,38077.0,,1706.0
20200419,Maryland,67891.0,12830.0,914.0,486.0
20200419,Maine,14943.0,867.0,393.0,34.0
20200419,Michigan,109661.0,31424.0,3237.0,2391.0
20200419,Minnesota,45716.0,2356.0,1160.0,134.0
20200419,Missouri,53909.0,5667.0,,176.0
20200419,Mississippi,39065.0,4274.0,,159.0
20200419,Montana,10898.0,433.0,243.0,10.0
20200419,North Carolina,78772.0,6493.0,,172.0
20200419,North Dakota,13630.0,585.0,189.0,10.0
20200419,Nebraska,14575.0,1287.0,,28.0
20200419,New Hampshire,13424.0,1342.0,513.0,38.0
20200419,New Jersey,170688.0,85301.0,,4202.0
20200419,New Mexico,36632.0,1798.0,465.0,53.0
20200419,Nevada,31598.0,3728.0,,155.0
20200419,New York,617555.0,242786.0,23887.0,13869.0
20200419,Ohio,86989.0,11292.0,,471.0
20200419,Oklahoma,35565.0,2599.0,1575.0,140.0
20200419,Oregon,39038.0,1910.0,,74.0
20200419,Pennsylvania,158854.0,32284.0,,1112.0
20200419,Rhode Island,34699.0,4706.0,244.0,150.0
20200419,South Carolina,40480.0,4377.0,2633.0,120.0
20200419,South Dakota,12062.0,1635.0,646.0,7.0
20200419,Tennessee,97098.0,7070.0,3344.0,148.0
20200419,Texas,182710.0,18923.0,5334.0,477.0
20200419,Utah,63555.0,3069.0,679.0,27.0
20200419,Virginia,54733.0,8537.0,1267.0,277.0
20200419,Vermont,12726.0,812.0,15.0,38.0
20200419,Washington,135989.0,12085.0,,624.0
20200419,Wisconsin,49669.0,4346.0,,220.0
20200419,West Virginia,20031.0,863.0,265.0,18.0
20200419,Wyoming,7281.0,309.0,227.0,2.0
20200418,Alaska,9655.0,314.0,147.0,9.0
20200418,Alabama,42538.0,4655.0,,146.0
20200418,Arkansas,24141.0,1739.0,703.0,38.0
20200418,Arizona,51045.0,4719.0,539.0,177.0
20200418,California,259666.0,28963.0,,1072.0
20200418,Colorado,43307.0,9047.0,,391.0
20200418,Connecticut,55462.0,16809.0,,1036.0
20200418,District of Columbia,13268.0,2666.0,608.0,91.0
20200418,Delaware,14017.0,2323.0,423.0,61.0
20200418,Florida,246527.0,25269.0,,754.0
20200418,Georgia,74208.0,17669.0,,673.0
20200418,Hawaii,22343.0,553.0,390.0,9.0
20200418,Iowa,22947.0,2513.0,1095.0,74.0
20200418,Idaho,16609.0,1655.0,453.0,43.0
20200418,Illinois,137404.0,29160.0,,1259.0
20200418,Indiana,56873.0,10641.0,,545.0
20200418,Kansas,17676.0,1790.0,,86.0
20200418,Kentucky,30596.0,2522.0,979.0,137.0
20200418,Louisiana,137999.0,23580.0,,1267.0
20200418,Massachusetts,156806.0,36372.0,,1560.0
20200418,Maryland,65370.0,12308.0,771.0,463.0
20200418,Maine,14923.0,847.0,382.0,32.0
20200418,Michigan,99727.0,30791.0,3237.0,2308.0
20200418,Minnesota,44268.0,2213.0,1118.0,121.0
20200418,Missouri,53759.0,5517.0,,175.0
20200418,Mississippi,38765.0,3974.0,,152.0
20200418,Montana,10569.0,426.0,234.0,10.0
20200418,North Carolina,76211.0,6140.0,,164.0
20200418,North Dakota,12963.0,528.0,183.0,9.0
20200418,Nebraska,13677.0,1138.0,,24.0
20200418,New Hampshire,12852.0,1287.0,468.0,37.0
20200418,New Jersey,162536.0,81420.0,,4070.0
20200418,New Mexico,35613.0,1711.0,382.0,51.0
20200418,Nevada,30751.0,3626.0,,151.0
20200418,New York,596532.0,236732.0,23887.0,13362.0
20200418,Ohio,78758.0,9939.0,,451.0
20200418,Oklahoma,35536.0,2570.0,1515.0,139.0
20200418,Oregon,37583.0,1844.0,,72.0
20200418,Pennsylvania,153965.0,31069.0,,836.0
20200418,Rhode Island,32826.0,4491.0,217.0,137.0
20200418,South Carolina,38833.0,4246.0,2633.0,119.0
20200418,South Dakota,11660.0,1542.0,552.0,7.0
20200418,Tennessee,90586.0,6762.0,3234.0,145.0
20200418,Texas,176239.0,18260.0,4806.0,453.0
20200418,Utah,59944.0,2931.0,565.0,25.0
20200418,Virginia,51931.0,8053.0,1228.0,258.0
20200418,Vermont,12566.0,803.0,15.0,38.0
20200418,Washington,132011.0,11829.0,,603.0
20200418,Wisconsin,48161.0,4199.0,,211.0
20200418,West Virginia,19440.0,785.0,255.0,16.0
20200418,Wyoming,6522.0,305.0,206.0,2.0
20200417,Alaska,9450.0,309.0,128.0,9.0
20200417,Alabama,37848.0,4530.0,,144.0
20200417,Arkansas,23494.0,1695.0,593.0,37.0
20200417,Arizona,49230.0,4507.0,539.0,169.0
20200417,California,251614.0,27528.0,,985.0
20200417,Colorado,41830.0,8675.0,,374.0
20200417,Connecticut,55462.0,16809.0,,1036.0
20200417,District of Columbia,12643.0,2476.0,573.0,86.0
20200417,Delaware,14017.0,2323.0,423.0,61.0
20200417,Florida,234837.0,24119.0,,699.0
20200417,Georgia,71684.0,17194.0,,650.0
20200417,Hawaii,21857.0,541.0,374.0,9.0
20200417,Iowa,21792.0,2332.0,1007.0,64.0
20200417,Idaho,16183.0,1609.0,390.0,41.0
20200417,Illinois,130163.0,27575.0,,1134.0
20200417,Indiana,54785.0,10154.0,,519.0
20200417,Kansas,16901.0,1705.0,,84.0
20200417,Kentucky,29747.0,2429.0,956.0,129.0
20200417,Louisiana,131987.0,23118.0,,1213.0
20200417,Massachusetts,148744.0,34402.0,,1404.0
20200417,Maryland,62009.0,11572.0,736.0,425.0
20200417,Maine,14903.0,827.0,352.0,29.0
20200417,Michigan,98959.0,30023.0,629.0,2227.0
20200417,Minnesota,43053.0,2071.0,1066.0,111.0
20200417,Missouri,51717.0,5283.0,,165.0
20200417,Mississippi,38584.0,3793.0,,140.0
20200417,Montana,10244.0,422.0,233.0,8.0
20200417,North Carolina,72981.0,5859.0,,152.0
20200417,North Dakota,12342.0,439.0,172.0,9.0
20200417,Nebraska,13104.0,1066.0,,24.0
20200417,New Hampshire,12708.0,1287.0,455.0,37.0
20200417,New Jersey,157449.0,78467.0,,3840.0
20200417,New Mexico,34488.0,1597.0,353.0,44.0
20200417,Nevada,29762.0,3524.0,,142.0
20200417,New York,573223.0,229642.0,23887.0,12822.0
20200417,Ohio,77677.0,8858.0,,418.0
20200417,Oklahoma,33620.0,2465.0,1331.0,136.0
20200417,Oregon,36321.0,1785.0,,70.0
20200417,Pennsylvania,147373.0,29441.0,,756.0
20200417,Rhode Island,30761.0,4177.0,196.0,118.0
20200417,South Carolina,36284.0,3931.0,,109.0
20200417,South Dakota,11062.0,1411.0,457.0,7.0
20200417,Tennessee,87273.0,6589.0,3017.0,142.0
20200417,Texas,169536.0,17371.0,4190.0,428.0
20200417,Utah,55771.0,2805.0,443.0,23.0
20200417,Virginia,48997.0,7491.0,1110.0,231.0
20200417,Vermont,12116.0,779.0,15.0,35.0
20200417,Washington,129366.0,11618.0,,583.0
20200417,Wisconsin,46410.0,4045.0,,205.0
20200417,West Virginia,18681.0,754.0,223.0,13.0
20200417,Wyoming,6427.0,296.0,148.0,2.0
20200416,Alaska,8735.0,300.0,110.0,9.0
20200416,Alabama,36391.0,4345.0,,133.0
20200416,Arkansas,22675.0,1620.0,548.0,37.0
20200416,Arizona,47398.0,4234.0,460.0,150.0
20200416,California,246400.0,26182.0,,890.0
20200416,Colorado,40533.0,8280.0,,357.0
20200416,Connecticut,53122.0,15884.0,,971.0
20200416,District of Columbia,12150.0,2350.0,552.0,81.0
20200416,Delaware,13350.0,2075.0,378.0,52.0
20200416,Florida,219248.0,22897.0,,646.0
20200416,Georgia,67939.0,15669.0,,587.0
20200416,Hawaii,20700.0,530.0,359.0,9.0
20200416,Iowa,20675.0,2141.0,987.0,60.0
20200416,Idaho,15831.0,1587.0,,41.0
20200416,Illinois,122589.0,25733.0,,1072.0
20200416,Indiana,51115.0,9542.0,,477.0
20200416,Kansas,16122.0,1588.0,,80.0
20200416,Kentucky,28324.0,2291.0,862.0,122.0
20200416,Louisiana,126586.0,22532.0,,1156.0
20200416,Massachusetts,140773.0,32181.0,,1245.0
20200416,Maryland,58843.0,10784.0,736.0,392.0
20200416,Maine,14872.0,796.0,333.0,27.0
20200416,Michigan,94286.0,29263.0,617.0,2093.0
20200416,Minnesota,41675.0,1912.0,1020.0,94.0
20200416,Missouri,50648.0,5111.0,,152.0
20200416,Mississippi,38415.0,3624.0,,129.0
20200416,Montana,9936.0,415.0,218.0,7.0
20200416,North Carolina,70917.0,5465.0,,131.0
20200416,North Dakota,11704.0,393.0,163.0,9.0
20200416,Nebraska,12294.0,952.0,,21.0
20200416,New Hampshire,12166.0,1139.0,365.0,32.0
20200416,New Jersey,151830.0,75317.0,,3518.0
20200416,New Mexico,33394.0,1484.0,353.0,36.0
20200416,Nevada,28451.0,3321.0,,137.0
20200416,New York,550579.0,222284.0,23887.0,12192.0
20200416,Ohio,74840.0,8414.0,,389.0
20200416,Oklahoma,30899.0,2357.0,1240.0,131.0
20200416,Oregon,34938.0,1736.0,,64.0
20200416,Pennsylvania,141470.0,27735.0,,707.0
20200416,Rhode Island,28064.0,3838.0,182.0,105.0
20200416,South Carolina,34733.0,3656.0,,107.0
20200416,South Dakota,10550.0,1311.0,373.0,7.0
20200416,Tennessee,85049.0,6262.0,2786.0,141.0
20200416,Texas,158547.0,16455.0,3677.0,393.0
20200416,Utah,49678.0,2683.0,357.0,21.0
20200416,Virginia,46444.0,6889.0,951.0,208.0
20200416,Vermont,11507.0,768.0,15.0,35.0
20200416,Washington,124790.0,11290.0,,567.0
20200416,Wisconsin,44849.0,3875.0,,197.0
20200416,West Virginia,18306.0,739.0,223.0,13.0
20200416,Wyoming,6427.0,296.0,148.0,2.0
20200415,Alaska,8664.0,293.0,106.0,9.0
20200415,Alabama,34077.0,4113.0,,121.0
20200415,Arkansas,21834.0,1569.0,489.0,33.0
20200415,Arizona,45310.0,3962.0,385.0,142.0
20200415,California,216486.0,24424.0,,821.0
20200415,Colorado,39580.0,7941.0,,329.0
20200415,Connecticut,50143.0,14755.0,,868.0
20200415,District of Columbia,11525.0,2197.0,530.0,72.0
20200415,Delaware,13102.0,2014.0,354.0,46.0
20200415,Florida,213509.0,22511.0,,609.0
20200415,Georgia,64090.0,14987.0,,552.0
20200415,Hawaii,19803.0,517.0,333.0,9.0
20200415,Iowa,19869.0,1995.0,908.0,53.0
20200415,Idaho,15398.0,1464.0,,39.0
20200415,Illinois,116929.0,24593.0,,948.0
20200415,Indiana,48396.0,8955.0,,436.0
20200415,Kansas,14668.0,1494.0,,76.0
20200415,Kentucky,27697.0,2210.0,653.0,115.0
20200415,Louisiana,121928.0,21951.0,,1103.0
20200415,Massachusetts,132023.0,29918.0,,1108.0
20200415,Maryland,55763.0,10032.0,607.0,349.0
20200415,Maine,14846.0,770.0,305.0,24.0
20200415,Michigan,89697.0,28059.0,452.0,1921.0
20200415,Minnesota,40242.0,1809.0,940.0,87.0
20200415,Missouri,49012.0,4895.0,,147.0
20200415,Mississippi,38151.0,3360.0,,122.0
20200415,Montana,9583.0,404.0,209.0,7.0
20200415,North Carolina,67827.0,5123.0,,117.0
20200415,North Dakota,11317.0,365.0,142.0,9.0
20200415,Nebraska,11729.0,901.0,,20.0
20200415,New Hampshire,12166.0,1139.0,365.0,32.0
20200415,New Jersey,144021.0,71030.0,,3156.0
20200415,New Mexico,32850.0,1407.0,340.0,36.0
20200415,Nevada,27655.0,3211.0,,131.0
20200415,New York,526012.0,213779.0,23887.0,11586.0
20200415,Ohio,71552.0,7791.0,,361.0
20200415,Oklahoma,29219.0,2263.0,1115.0,123.0
20200415,Oregon,33351.0,1663.0,,58.0
20200415,Pennsylvania,137584.0,26490.0,,647.0
20200415,Rhode Island,25897.0,3529.0,168.0,87.0
20200415,South Carolina,34733.0,3656.0,,107.0
20200415,South Dakota,9859.0,1168.0,329.0,6.0
20200415,Tennessee,80896.0,6079.0,2196.0,135.0
20200415,Texas,151810.0,15492.0,3150.0,364.0
20200415,Utah,47614.0,2542.0,218.0,20.0
20200415,Virginia,44169.0,6500.0,752.0,195.0
20200415,Vermont,11081.0,759.0,15.0,30.0
20200415,Washington,123208.0,11048.0,,541.0
20200415,Wisconsin,43047.0,3721.0,,182.0
20200415,West Virginia,17656.0,702.0,211.0,10.0
20200415,Wyoming,6329.0,287.0,129.0,2.0
20200414,Alaska,8348.0,285.0,98.0,9.0
20200414,Alabama,33117.0,3876.0,,110.0
20200414,Arkansas,21131.0,1480.0,427.0,30.0
20200414,Arizona,44096.0,3806.0,249.0,131.0
20200414,California,202208.0,23338.0,,758.0
20200414,Colorado,38742.0,7691.0,,308.0
20200414,Connecticut,45841.0,13989.0,,671.0
20200414,District of Columbia,11284.0,2058.0,518.0,67.0
20200414,Delaware,12304.0,1761.0,277.0,41.0
20200414,Florida,203180.0,21367.0,,537.0
20200414,Georgia,61795.0,14223.0,,501.0
20200414,Hawaii,19420.0,504.0,315.0,9.0
20200414,Iowa,18885.0,1899.0,741.0,49.0
20200414,Idaho,15114.0,1453.0,,33.0
20200414,Illinois,110616.0,23247.0,,868.0
20200414,Indiana,46017.0,8527.0,,388.0
20200414,Kansas,14147.0,1426.0,,69.0
20200414,Kentucky,26683.0,2048.0,629.0,104.0
20200414,Louisiana,118422.0,21518.0,,1013.0
20200414,Massachusetts,126551.0,28163.0,,957.0
20200414,Maryland,53733.0,9472.0,607.0,302.0
20200414,Maine,12342.0,734.0,292.0,20.0
20200414,Michigan,86226.0,27001.0,452.0,1768.0
20200414,Minnesota,39241.0,1695.0,909.0,79.0
20200414,Missouri,47978.0,4686.0,,133.0
20200414,Mississippi,37878.0,3087.0,,111.0
20200414,Montana,9234.0,399.0,197.0,7.0
20200414,North Carolina,65039.0,5024.0,,108.0
20200414,North Dakota,10916.0,341.0,138.0,9.0
20200414,Nebraska,11357.0,871.0,,18.0
20200414,New Hampshire,11610.0,1020.0,249.0,23.0
20200414,New Jersey,139774.0,68824.0,,2805.0
20200414,New Mexico,31970.0,1345.0,304.0,31.0
20200414,Nevada,26661.0,3088.0,,120.0
20200414,New York,499143.0,202208.0,23887.0,10834.0
20200414,Ohio,67874.0,7153.0,,324.0
20200414,Oklahoma,28269.0,2184.0,1060.0,108.0
20200414,Oregon,32363.0,1633.0,,55.0
20200414,Pennsylvania,133631.0,25345.0,,584.0
20200414,Rhode Island,22900.0,3251.0,135.0,80.0
20200414,South Carolina,33872.0,3553.0,,97.0
20200414,South Dakota,9296.0,988.0,261.0,6.0
20200414,Tennessee,78831.0,5823.0,1969.0,124.0
20200414,Texas,146467.0,14624.0,2580.0,318.0
20200414,Utah,46476.0,2412.0,218.0,19.0
20200414,Virginia,42763.0,6171.0,721.0,154.0
20200414,Vermont,10585.0,752.0,15.0,29.0
20200414,Washington,94132.0,10741.0,,516.0
20200414,Wisconsin,41552.0,3555.0,,170.0
20200414,West Virginia,17038.0,640.0,147.0,9.0
20200414,Wyoming,5964.0,275.0,140.0,1.0
20200413,Alaska,7830.0,277.0,85.0,8.0
20200413,Alabama,29182.0,3734.0,,99.0
20200413,Arkansas,20804.0,1410.0,391.0,30.0
20200413,Arizona,43347.0,3702.0,,122.0
20200413,California,190882.0,22348.0,,687.0
20200413,Colorado,37534.0,7684.0,,304.0
20200413,Connecticut,44309.0,13381.0,,602.0
20200413,District of Columbia,10934.0,1955.0,507.0,53.0
20200413,Delaware,11820.0,1625.0,213.0,35.0
20200413,Florida,196207.0,20601.0,,483.0
20200413,Georgia,57021.0,13315.0,,464.0
20200413,Hawaii,18844.0,499.0,310.0,9.0
20200413,Iowa,18696.0,1710.0,741.0,43.0
20200413,Idaho,14881.0,1426.0,,27.0
20200413,Illinois,105768.0,22025.0,,794.0
20200413,Indiana,44539.0,8236.0,,350.0
20200413,Kansas,13864.0,1376.0,,62.0
20200413,Kentucky,25866.0,1963.0,607.0,97.0
20200413,Louisiana,108091.0,21016.0,,884.0
20200413,Massachusetts,122049.0,26867.0,,844.0
20200413,Maryland,51751.0,8936.0,603.0,262.0
20200413,Maine,12306.0,698.0,273.0,19.0
20200413,Michigan,82644.0,25635.0,447.0,1602.0
20200413,Minnesota,38427.0,1650.0,842.0,70.0
20200413,Missouri,45428.0,4388.0,,114.0
20200413,Mississippi,30984.0,2942.0,,98.0
20200413,Montana,9098.0,394.0,171.0,7.0
20200413,North Carolina,63388.0,4816.0,,86.0
20200413,North Dakota,10781.0,331.0,127.0,8.0
20200413,Nebraska,10972.0,814.0,,17.0
20200413,New Hampshire,11207.0,985.0,239.0,23.0
20200413,New Jersey,129469.0,64584.0,,2443.0
20200413,New Mexico,30515.0,1245.0,295.0,26.0
20200413,Nevada,25464.0,2971.0,,114.0
20200413,New York,478357.0,195031.0,23887.0,10056.0
20200413,Ohio,65112.0,6975.0,,274.0
20200413,Oklahoma,22859.0,2069.0,865.0,99.0
20200413,Oregon,31121.0,1584.0,,53.0
20200413,Pennsylvania,129792.0,24199.0,,524.0
20200413,Rhode Island,20661.0,2976.0,135.0,73.0
20200413,South Carolina,31425.0,3319.0,,82.0
20200413,South Dakota,9002.0,868.0,207.0,6.0
20200413,Tennessee,76195.0,5610.0,1671.0,109.0
20200413,Texas,133226.0,13906.0,2269.0,287.0
20200413,Utah,45787.0,2363.0,218.0,18.0
20200413,Virginia,41401.0,5747.0,,149.0
20200413,Vermont,10366.0,748.0,15.0,28.0
20200413,Washington,93930.0,10539.0,,508.0
20200413,Wisconsin,40197.0,3428.0,,154.0
20200413,West Virginia,16655.0,626.0,85.0,9.0
20200413,Wyoming,5964.0,275.0,138.0,1.0
20200412,Alaska,8038.0,272.0,66.0,8.0
20200412,Alabama,21583.0,3525.0,,93.0
20200412,Arkansas,19722.0,1280.0,367.0,27.0
20200412,Arizona,42109.0,3539.0,,115.0
20200412,California,190328.0,21794.0,,651.0
20200412,Colorado,34873.0,6893.0,,274.0
20200412,Connecticut,41220.0,12035.0,,554.0
20200412,District of Columbia,10640.0,1875.0,493.0,50.0
20200412,Delaware,11103.0,1479.0,191.0,33.0
20200412,Florida,182753.0,19355.0,,465.0
20200412,Georgia,54453.0,12452.0,,433.0
20200412,Hawaii,17968.0,486.0,300.0,8.0
20200412,Iowa,17592.0,1587.0,674.0,41.0
20200412,Idaho,14308.0,1407.0,,27.0
20200412,Illinois,100735.0,20852.0,,720.0
20200412,Indiana,42489.0,7928.0,,343.0
20200412,Kansas,13253.0,1337.0,,56.0
20200412,Kentucky,24567.0,1840.0,464.0,94.0
20200412,Louisiana,104045.0,20595.0,,840.0
20200412,Massachusetts,116730.0,25475.0,,756.0
20200412,Maryland,49764.0,8225.0,456.0,235.0
20200412,Maine,6721.0,633.0,266.0,19.0
20200412,Michigan,79437.0,24638.0,433.0,1487.0
20200412,Minnesota,37421.0,1621.0,842.0,70.0
20200412,Missouri,45200.0,4160.0,,110.0
20200412,Mississippi,21413.0,2781.0,,96.0
20200412,Montana,8913.0,387.0,169.0,6.0
20200412,North Carolina,62139.0,4520.0,,81.0
20200412,North Dakota,10350.0,308.0,121.0,8.0
20200412,Nebraska,10691.0,791.0,,17.0
20200412,New Hampshire,10925.0,929.0,236.0,23.0
20200412,New Jersey,126735.0,61850.0,,2350.0
20200412,New Mexico,28692.0,1174.0,235.0,20.0
20200412,Nevada,24611.0,2836.0,,112.0
20200412,New York,461601.0,188694.0,23887.0,9385.0
20200412,Ohio,63243.0,6604.0,,253.0
20200412,Oklahoma,22760.0,1970.0,865.0,96.0
20200412,Oregon,29758.0,1527.0,,52.0
20200412,Pennsylvania,124890.0,22833.0,,507.0
20200412,Rhode Island,20350.0,2665.0,35.0,63.0
20200412,South Carolina,31425.0,3319.0,,82.0
20200412,South Dakota,8553.0,730.0,197.0,6.0
20200412,Tennessee,70677.0,5308.0,1504.0,101.0
20200412,Texas,124533.0,13484.0,2014.0,271.0
20200412,Utah,44234.0,2303.0,,18.0
20200412,Virginia,39985.0,5274.0,,141.0
20200412,Vermont,9841.0,727.0,15.0,27.0
20200412,Washington,93742.0,10351.0,,491.0
20200412,Wisconsin,39257.0,3341.0,,144.0
20200412,West Virginia,16257.0,611.0,83.0,8.0
20200412,Wyoming,5459.0,261.0,137.0,0.0
20200411,Alaska,7732.0,257.0,63.0,8.0
20200411,Alabama,21249.0,3191.0,,91.0
20200411,Arkansas,18578.0,1226.0,340.0,24.0
20200411,Arizona,40530.0,3393.0,,108.0
20200411,California,172076.0,19472.0,,609.0
20200411,Colorado,32653.0,6510.0,,250.0
20200411,Connecticut,39831.0,11510.0,,494.0
20200411,District of Columbia,10039.0,1778.0,447.0,47.0
20200411,Delaware,11103.0,1479.0,191.0,33.0
20200411,Florida,172933.0,18494.0,,438.0
20200411,Georgia,51715.0,12159.0,,428.0
20200411,Hawaii,17531.0,465.0,284.0,8.0
20200411,Iowa,17132.0,1510.0,585.0,34.0
20200411,Idaho,13764.0,1396.0,,25.0
20200411,Illinois,92149.0,19180.0,,677.0
20200411,Indiana,39215.0,7435.0,,330.0
20200411,Kansas,12343.0,1268.0,,55.0
20200411,Kentucky,24288.0,1693.0,464.0,90.0
20200411,Louisiana,96915.0,20014.0,,806.0
20200411,Massachusetts,108776.0,22860.0,,686.0
20200411,Maryland,47238.0,7694.0,431.0,206.0
20200411,Maine,6704.0,616.0,256.0,19.0
20200411,Michigan,76014.0,23993.0,595.0,1392.0
20200411,Minnesota,35404.0,1427.0,793.0,64.0
20200411,Missouri,43172.0,4024.0,,109.0
20200411,Mississippi,21274.0,2642.0,,93.0
20200411,Montana,8581.0,377.0,169.0,6.0
20200411,North Carolina,60393.0,4312.0,,80.0
20200411,North Dakota,10080.0,293.0,119.0,7.0
20200411,Nebraska,9985.0,700.0,,17.0
20200411,New Hampshire,10493.0,885.0,234.0,22.0
20200411,New Jersey,120193.0,58151.0,,2183.0
20200411,New Mexico,27098.0,1091.0,235.0,19.0
20200411,Nevada,23587.0,2700.0,,102.0
20200411,New York,440980.0,180458.0,22025.0,8627.0
20200411,Ohio,60408.0,6187.0,,247.0
20200411,Oklahoma,22658.0,1868.0,865.0,94.0
20200411,Oregon,27224.0,1371.0,,48.0
20200411,Pennsylvania,120153.0,21655.0,,494.0
20200411,Rhode Island,18207.0,2349.0,35.0,56.0
20200411,South Carolina,30093.0,3207.0,,80.0
20200411,South Dakota,8004.0,626.0,189.0,6.0
20200411,Tennessee,66828.0,5114.0,1386.0,101.0
20200411,Texas,120533.0,12561.0,1617.0,254.0
20200411,Utah,42546.0,2206.0,,18.0
20200411,Virginia,37999.0,5077.0,,130.0
20200411,Vermont,9258.0,711.0,15.0,25.0
20200411,Washington,93508.0,10117.0,,491.0
20200411,Wisconsin,37893.0,3213.0,,137.0
20200411,West Virginia,15452.0,577.0,63.0,5.0
20200411,Wyoming,5459.0,261.0,129.0,0.0
20200410,Alaska,7432.0,246.0,55.0,7.0
20200410,Alabama,21026.0,2968.0,,80.0
20200410,Arkansas,17120.0,1171.0,312.0,23.0
20200410,Arizona,37734.0,3112.0,,97.0
20200410,California,164863.0,19472.0,,541.0
20200410,Colorado,32653.0,6510.0,,250.0
20200410,Connecticut,36288.0,10538.0,,448.0
20200410,District of Columbia,9355.0,1660.0,426.0,38.0
20200410,Delaware,11741.0,1326.0,177.0,23.0
20200410,Florida,162830.0,17531.0,,390.0
20200410,Georgia,46147.0,11483.0,,416.0
20200410,Hawaii,16149.0,442.0,251.0,6.0
20200410,Iowa,15953.0,1388.0,506.0,31.0
20200410,Idaho,13094.0,1353.0,,24.0
20200410,Illinois,87527.0,17887.0,,596.0
20200410,Indiana,35040.0,6907.0,,300.0
20200410,Kansas,11414.0,1166.0,,50.0
20200410,Kentucky,24288.0,1693.0,464.0,90.0
20200410,Louisiana,92280.0,19253.0,,755.0
20200410,Massachusetts,102372.0,20974.0,,599.0
20200410,Maryland,44448.0,6968.0,397.0,171.0
20200410,Maine,6674.0,586.0,246.0,17.0
20200410,Michigan,72044.0,22783.0,56.0,1281.0
20200410,Minnesota,33894.0,1336.0,732.0,57.0
20200410,Missouri,40740.0,3799.0,,96.0
20200410,Mississippi,21101.0,2469.0,,82.0
20200410,Montana,8297.0,365.0,165.0,6.0
20200410,North Carolina,57645.0,3908.0,,74.0
20200410,North Dakota,9608.0,278.0,105.0,6.0
20200410,Nebraska,9354.0,635.0,,15.0
20200410,New Hampshire,9958.0,819.0,234.0,21.0
20200410,New Jersey,113523.0,54588.0,682.0,1932.0
20200410,New Mexico,27098.0,1091.0,217.0,19.0
20200410,Nevada,22749.0,2584.0,,86.0
20200410,New York,417885.0,170512.0,20249.0,7844.0
20200410,Ohio,58531.0,5836.0,,231.0
20200410,Oklahoma,22164.0,1794.0,790.0,88.0
20200410,Oregon,25627.0,1321.0,,44.0
20200410,Pennsylvania,113019.0,19979.0,,416.0
20200410,Rhode Island,14296.0,2015.0,35.0,49.0
20200410,South Carolina,28183.0,3065.0,,72.0
20200410,South Dakota,7647.0,536.0,177.0,6.0
20200410,Tennessee,62799.0,4862.0,1145.0,98.0
20200410,Texas,115718.0,11671.0,1366.0,226.0
20200410,Utah,40762.0,2102.0,,17.0
20200410,Virginia,35459.0,4509.0,,121.0
20200410,Vermont,8232.0,679.0,15.0,24.0
20200410,Washington,93288.0,9897.0,,446.0
20200410,Wisconsin,36293.0,3068.0,,128.0
20200410,West Virginia,14555.0,554.0,63.0,5.0
20200410,Wyoming,4989.0,253.0,105.0,0.0
20200409,Alaska,7223.0,235.0,49.0,7.0
20200409,Alabama,20827.0,2769.0,,74.0
20200409,Arkansas,14951.0,1119.0,288.0,21.0
20200409,Arizona,37178.0,3018.0,,89.0
20200409,California,163500.0,18309.0,,492.0
20200409,Colorado,29199.0,5655.0,,193.0
20200409,Connecticut,33502.0,9784.0,,380.0
20200409,District of Columbia,8724.0,1523.0,393.0,32.0
20200409,Delaware,9890.0,1207.0,173.0,23.0
20200409,Florida,152549.0,16364.0,,354.0
20200409,Georgia,41085.0,10566.0,,379.0
20200409,Hawaii,15751.0,435.0,113.0,5.0
20200409,Iowa,14973.0,1270.0,476.0,29.0
20200409,Idaho,12531.0,1232.0,,18.0
20200409,Illinois,80857.0,16422.0,,528.0
20200409,Indiana,32133.0,6351.0,,245.0
20200409,Kansas,10775.0,1106.0,,42.0
20200409,Kentucky,21801.0,1346.0,,73.0
20200409,Louisiana,86919.0,18283.0,,702.0
20200409,Massachusetts,94958.0,18941.0,,503.0
20200409,Maryland,41529.0,6185.0,376.0,138.0
20200409,Maine,6648.0,560.0,202.0,16.0
20200409,Michigan,67054.0,21504.0,56.0,1076.0
20200409,Minnesota,32294.0,1242.0,675.0,50.0
20200409,Missouri,38494.0,3539.0,,77.0
20200409,Mississippi,20892.0,2260.0,,76.0
20200409,Montana,7860.0,354.0,157.0,6.0
20200409,North Carolina,47809.0,3651.0,,65.0
20200409,North Dakota,8990.0,269.0,101.0,5.0
20200409,Nebraska,8683.0,567.0,,14.0
20200409,New Hampshire,9551.0,788.0,227.0,18.0
20200409,New Jersey,107192.0,51027.0,,1700.0
20200409,New Mexico,23807.0,865.0,201.0,16.0
20200409,Nevada,21771.0,2456.0,,80.0
20200409,New York,391549.0,159937.0,18297.0,7067.0
20200409,Ohio,55985.0,5512.0,,213.0
20200409,Oklahoma,20279.0,1684.0,686.0,80.0
20200409,Oregon,25627.0,1321.0,,44.0
20200409,Pennsylvania,105602.0,18228.0,,338.0
20200409,Rhode Island,12409.0,1727.0,35.0,43.0
20200409,South Carolina,27367.0,2792.0,,67.0
20200409,South Dakota,7147.0,447.0,161.0,6.0
20200409,Tennessee,59849.0,4634.0,921.0,94.0
20200409,Texas,106134.0,10230.0,1101.0,199.0
20200409,Utah,38373.0,1976.0,,13.0
20200409,Virginia,33026.0,4042.0,,109.0
20200409,Vermont,8181.0,628.0,15.0,23.0
20200409,Washington,92840.0,9449.0,,446.0
20200409,Wisconsin,34309.0,2885.0,,111.0
20200409,West Virginia,13863.0,523.0,,5.0
20200409,Wyoming,4150.0,230.0,94.0,0.0
20200408,Alaska,7068.0,226.0,32.0,7.0
20200408,Alabama,19122.0,2369.0,,66.0
20200408,Arkansas,14530.0,1000.0,208.0,18.0
20200408,Arizona,34564.0,2726.0,,80.0
20200408,California,144264.0,16957.0,,442.0
20200408,Colorado,28094.0,5429.0,,179.0
20200408,Connecticut,29036.0,7781.0,,277.0
20200408,District of Columbia,8283.0,1440.0,361.0,27.0
20200408,Delaware,8556.0,928.0,144.0,16.0
20200408,Florida,143134.0,15455.0,,309.0
20200408,Georgia,38787.0,9901.0,,362.0
20200408,Hawaii,15149.0,410.0,113.0,5.0
20200408,Iowa,13966.0,1145.0,431.0,27.0
20200408,Idaho,11898.0,1210.0,,15.0
20200408,Illinois,75066.0,15078.0,,462.0
20200408,Indiana,30869.0,5943.0,,203.0
20200408,Kansas,10183.0,1046.0,,38.0
20200408,Kentucky,21604.0,1149.0,,65.0
20200408,Louisiana,81406.0,17030.0,,652.0
20200408,Massachusetts,87511.0,16790.0,,433.0
20200408,Maryland,38462.0,5529.0,365.0,124.0
20200408,Maine,6625.0,537.0,187.0,14.0
20200408,Michigan,66139.0,20589.0,56.0,959.0
20200408,Minnesota,30753.0,1154.0,632.0,39.0
20200408,Missouri,34110.0,3327.0,,58.0
20200408,Mississippi,20635.0,2003.0,,67.0
20200408,Montana,7398.0,332.0,135.0,6.0
20200408,North Carolina,42987.0,3426.0,,53.0
20200408,North Dakota,8552.0,251.0,98.0,4.0
20200408,Nebraska,7961.0,519.0,,12.0
20200408,New Hampshire,9177.0,788.0,211.0,18.0
20200408,New Jersey,100416.0,47437.0,,1504.0
20200408,New Mexico,22245.0,794.0,171.0,13.0
20200408,Nevada,20566.0,2318.0,,71.0
20200408,New York,365153.0,149316.0,16353.0,6268.0
20200408,Ohio,53341.0,5148.0,,193.0
20200408,Oklahoma,13345.0,1524.0,686.0,79.0
20200408,Oregon,24564.0,1239.0,,33.0
20200408,Pennsylvania,98538.0,16239.0,,309.0
20200408,Rhode Island,12132.0,1450.0,35.0,35.0
20200408,South Carolina,24634.0,2552.0,,63.0
20200408,South Dakota,6748.0,393.0,146.0,6.0
20200408,Tennessee,56618.0,4362.0,592.0,79.0
20200408,Texas,96258.0,9353.0,38.0,177.0
20200408,Utah,36116.0,1846.0,,13.0
20200408,Virginia,30645.0,3645.0,,75.0
20200408,Vermont,7749.0,605.0,15.0,23.0
20200408,Washington,92561.0,9170.0,,446.0
20200408,Wisconsin,32871.0,2756.0,,99.0
20200408,West Virginia,12545.0,462.0,,4.0
20200408,Wyoming,4064.0,221.0,62.0,0.0
20200407,Alaska,6913.0,213.0,29.0,6.0
20200407,Alabama,14916.0,2119.0,,56.0
20200407,Arkansas,13638.0,946.0,142.0,16.0
20200407,Arizona,33375.0,2575.0,,73.0
20200407,California,131229.0,15865.0,,374.0
20200407,Colorado,26875.0,5172.0,,150.0
20200407,Connecticut,29036.0,7781.0,,277.0
20200407,District of Columbia,7823.0,1211.0,318.0,22.0
20200407,Delaware,8556.0,928.0,144.0,16.0
20200407,Florida,138162.0,14747.0,,296.0
20200407,Georgia,33713.0,8818.0,,329.0
20200407,Hawaii,13542.0,387.0,89.0,5.0
20200407,Iowa,12718.0,1048.0,341.0,26.0
20200407,Idaho,11246.0,1170.0,,13.0
20200407,Illinois,68732.0,13549.0,,380.0
20200407,Indiana,28764.0,5507.0,,173.0
20200407,Kansas,9514.0,900.0,,27.0
20200407,Kentucky,19955.0,1008.0,,59.0
20200407,Louisiana,74655.0,16284.0,,582.0
20200407,Massachusetts,81344.0,15202.0,,356.0
20200407,Maryland,31627.0,4371.0,288.0,103.0
20200407,Maine,6607.0,519.0,176.0,12.0
20200407,Michigan,65373.0,19823.0,56.0,845.0
20200407,Minnesota,29260.0,1069.0,549.0,34.0
20200407,Missouri,31969.0,3037.0,,53.0
20200407,Mississippi,20547.0,1915.0,,59.0
20200407,Montana,6985.0,319.0,,6.0
20200407,North Carolina,41082.0,3221.0,,46.0
20200407,North Dakota,7703.0,237.0,82.0,4.0
20200407,Nebraska,7258.0,447.0,,10.0
20200407,New Hampshire,8734.0,715.0,151.0,9.0
20200407,New Jersey,94974.0,44416.0,,1232.0
20200407,New Mexico,21825.0,686.0,133.0,12.0
20200407,Nevada,18639.0,2087.0,,58.0
20200407,New York,340058.0,138863.0,14590.0,5489.0
20200407,Ohio,50838.0,4782.0,,167.0
20200407,Oklahoma,13293.0,1472.0,612.0,67.0
20200407,Oregon,23007.0,1181.0,,33.0
20200407,Pennsylvania,91278.0,14559.0,,240.0
20200407,Rhode Island,10307.0,1230.0,35.0,30.0
20200407,South Carolina,23680.0,2417.0,,51.0
20200407,South Dakota,6268.0,320.0,98.0,6.0
20200407,Tennessee,52874.0,4138.0,466.0,72.0
20200407,Texas,88649.0,8262.0,38.0,154.0
20200407,Utah,34647.0,1738.0,,13.0
20200407,Virginia,28645.0,3333.0,,63.0
20200407,Vermont,7129.0,575.0,15.0,23.0
20200407,Washington,92206.0,8815.0,,393.0
20200407,Wisconsin,31090.0,2578.0,,92.0
20200407,West Virginia,12059.0,412.0,,4.0
20200407,Wyoming,4005.0,216.0,62.0,0.0
20200406,Alaska,6883.0,191.0,,6.0
20200406,Alabama,14765.0,1968.0,,50.0
20200406,Arkansas,12845.0,875.0,102.0,16.0
20200406,Arizona,32534.0,2456.0,,65.0
20200406,California,117431.0,14336.0,,343.0
20200406,Colorado,25773.0,4950.0,,140.0
20200406,Connecticut,26686.0,6906.0,,206.0
20200406,District of Columbia,7453.0,1097.0,287.0,24.0
20200406,Delaware,6994.0,673.0,71.0,14.0
20200406,Florida,123274.0,13324.0,,236.0
20200406,Georgia,31274.0,7314.0,,229.0
20200406,Hawaii,13526.0,371.0,85.0,4.0
20200406,Iowa,11599.0,946.0,284.0,25.0
20200406,Idaho,10995.0,1101.0,,10.0
20200406,Illinois,62942.0,12262.0,,307.0
20200406,Indiana,26191.0,4944.0,,139.0
20200406,Kansas,9084.0,845.0,,25.0
20200406,Kentucky,18767.0,955.0,,45.0
20200406,Louisiana,69166.0,14867.0,,512.0
20200406,Massachusetts,76429.0,13837.0,,260.0
20200406,Maryland,29617.0,4045.0,184.0,91.0
20200406,Maine,6587.0,499.0,158.0,10.0
20200406,Michigan,61970.0,18850.0,56.0,727.0
20200406,Minnesota,28128.0,986.0,470.0,30.0
20200406,Missouri,29835.0,2722.0,,39.0
20200406,Mississippi,20370.0,1738.0,,51.0
20200406,Montana,6790.0,299.0,,6.0
20200406,North Carolina,40726.0,2870.0,,33.0
20200406,North Dakota,7213.0,225.0,74.0,3.0
20200406,Nebraska,6787.0,409.0,,8.0
20200406,New Hampshire,8370.0,669.0,147.0,9.0
20200406,New Jersey,89032.0,41090.0,,1003.0
20200406,New Mexico,19136.0,624.0,130.0,12.0
20200406,Nevada,17629.0,1953.0,,46.0
20200406,New York,320811.0,130689.0,13366.0,4758.0
20200406,Ohio,48378.0,4450.0,,142.0
20200406,Oklahoma,2749.0,1327.0,522.0,51.0
20200406,Oregon,21801.0,1132.0,,27.0
20200406,Pennsylvania,83854.0,12980.0,,162.0
20200406,Rhode Island,8481.0,1082.0,35.0,27.0
20200406,South Carolina,18976.0,2049.0,,44.0
20200406,South Dakota,6020.0,288.0,91.0,4.0
20200406,Tennessee,47350.0,3802.0,356.0,65.0
20200406,Texas,85357.0,7276.0,38.0,140.0
20200406,Utah,33394.0,1675.0,,13.0
20200406,Virginia,24521.0,2878.0,,54.0
20200406,Vermont,6633.0,543.0,15.0,23.0
20200406,Washington,91870.0,8479.0,,378.0
20200406,Wisconsin,29014.0,2440.0,,77.0
20200406,West Virginia,9940.0,345.0,,4.0
20200406,Wyoming,3929.0,210.0,52.0,0.0
20200405,Alaska,6284.0,185.0,,6.0
20200405,Alabama,13078.0,1796.0,,45.0
20200405,Arkansas,11242.0,830.0,97.0,16.0
20200405,Arizona,27410.0,2269.0,,64.0
20200405,California,116533.0,13438.0,,319.0
20200405,Colorado,23900.0,4565.0,,126.0
20200405,Connecticut,23270.0,5675.0,,189.0
20200405,District of Columbia,6834.0,998.0,258.0,22.0
20200405,Delaware,6994.0,673.0,71.0,14.0
20200405,Florida,113404.0,12151.0,,218.0
20200405,Georgia,27832.0,6647.0,,211.0
20200405,Hawaii,12955.0,351.0,82.0,4.0
20200405,Iowa,10841.0,868.0,188.0,22.0
20200405,Idaho,10261.0,1077.0,,10.0
20200405,Illinois,58983.0,11256.0,,274.0
20200405,Indiana,22652.0,4411.0,,127.0
20200405,Kansas,8223.0,747.0,,22.0
20200405,Kentucky,16663.0,917.0,,40.0
20200405,Louisiana,60325.0,13010.0,,477.0
20200405,Massachusetts,71937.0,12500.0,,231.0
20200405,Maryland,28337.0,3609.0,159.0,67.0
20200405,Maine,6558.0,470.0,156.0,10.0
20200405,Michigan,57898.0,17567.0,56.0,617.0
20200405,Minnesota,26777.0,935.0,451.0,29.0
20200405,Missouri,27249.0,2367.0,,34.0
20200405,Mississippi,7218.0,1638.0,,43.0
20200405,Montana,6603.0,286.0,,6.0
20200405,North Carolina,40045.0,2585.0,,31.0
20200405,North Dakota,6787.0,207.0,63.0,3.0
20200405,Nebraska,5921.0,363.0,,8.0
20200405,New Hampshire,8032.0,621.0,146.0,9.0
20200405,New Jersey,82166.0,37505.0,,917.0
20200405,New Mexico,16828.0,543.0,54.0,11.0
20200405,Nevada,16831.0,1836.0,,46.0
20200405,New York,302280.0,122031.0,12187.0,4159.0
20200405,Ohio,43756.0,4043.0,,119.0
20200405,Oklahoma,2653.0,1252.0,,46.0
20200405,Oregon,20624.0,1068.0,,27.0
20200405,Pennsylvania,77771.0,11510.0,,150.0
20200405,Rhode Island,7181.0,922.0,35.0,25.0
20200405,South Carolina,18976.0,2049.0,,44.0
20200405,South Dakota,5593.0,240.0,84.0,2.0
20200405,Tennessee,45300.0,3633.0,295.0,44.0
20200405,Texas,70938.0,6812.0,38.0,127.0
20200405,Utah,30892.0,1605.0,,8.0
20200405,Virginia,23671.0,2637.0,,51.0
20200405,Vermont,6582.0,512.0,15.0,22.0
20200405,Washington,88463.0,8136.0,,365.0
20200405,Wisconsin,27436.0,2267.0,,68.0
20200405,West Virginia,8838.0,324.0,,3.0
20200405,Wyoming,3237.0,197.0,50.0,0.0
20200404,Alaska,6040.0,171.0,,5.0
20200404,Alabama,10853.0,1580.0,,43.0
20200404,Arkansas,10370.0,743.0,79.0,14.0
20200404,Arizona,27160.0,2019.0,,52.0
20200404,California,113700.0,12026.0,,276.0
20200404,Colorado,22071.0,4173.0,,111.0
20200404,Connecticut,22029.0,5276.0,,165.0
20200404,District of Columbia,6438.0,902.0,235.0,21.0
20200404,Delaware,6467.0,593.0,71.0,14.0
20200404,Florida,102067.0,11111.0,,191.0
20200404,Georgia,26294.0,6160.0,,201.0
20200404,Hawaii,12278.0,319.0,78.0,3.0
20200404,Iowa,10240.0,786.0,188.0,14.0
20200404,Idaho,8870.0,1013.0,,10.0
20200404,Illinois,53581.0,10357.0,,243.0
20200404,Indiana,19800.0,3953.0,,116.0
20200404,Kansas,7578.0,698.0,,21.0
20200404,Kentucky,15572.0,831.0,,37.0
20200404,Louisiana,58498.0,12496.0,,409.0
20200404,Massachusetts,68800.0,11736.0,,216.0
20200404,Maryland,25610.0,3125.0,159.0,53.0
20200404,Maine,6544.0,456.0,140.0,10.0
20200404,Michigan,53800.0,16395.0,56.0,540.0
20200404,Minnesota,25423.0,865.0,440.0,24.0
20200404,Missouri,24905.0,2291.0,,24.0
20200404,Mississippi,6588.0,1455.0,,35.0
20200404,Montana,6177.0,265.0,,5.0
20200404,North Carolina,38773.0,2402.0,,24.0
20200404,North Dakota,6207.0,186.0,63.0,3.0
20200404,Nebraska,5379.0,321.0,,6.0
20200404,New Hampshire,7505.0,540.0,144.0,7.0
20200404,New Jersey,75356.0,34124.0,,846.0
20200404,New Mexico,15632.0,495.0,26.0,10.0
20200404,Nevada,16163.0,1742.0,,46.0
20200404,New York,283621.0,113704.0,10478.0,3565.0
20200404,Ohio,41871.0,3739.0,,102.0
20200404,Oklahoma,2521.0,1159.0,,42.0
20200404,Oregon,17534.0,999.0,,26.0
20200404,Pennsylvania,70030.0,10017.0,,136.0
20200404,Rhode Island,6390.0,806.0,35.0,17.0
20200404,South Carolina,18314.0,1917.0,,40.0
20200404,South Dakota,5224.0,212.0,76.0,2.0
20200404,Tennessee,41391.0,3321.0,416.0,43.0
20200404,Texas,63751.0,6110.0,38.0,105.0
20200404,Utah,28043.0,1428.0,,8.0
20200404,Virginia,21552.0,2407.0,,52.0
20200404,Vermont,5844.0,461.0,15.0,20.0
20200404,Washington,83380.0,7747.0,,345.0
20200404,Wisconsin,25971.0,2112.0,,56.0
20200404,West Virginia,7686.0,282.0,,2.0
20200404,Wyoming,3132.0,187.0,49.0,0.0
20200403,Alaska,6016.0,157.0,,3.0
20200403,Alabama,9619.0,1432.0,,35.0
20200403,Arkansas,9699.0,704.0,60.0,12.0
20200403,Arizona,24673.0,1769.0,,41.0
20200403,California,35300.0,10701.0,,237.0
20200403,Colorado,20411.0,3728.0,,97.0
20200403,Connecticut,20015.0,4914.0,,131.0
20200403,District of Columbia,5584.0,757.0,206.0,15.0
20200403,Delaware,5445.0,450.0,71.0,14.0
20200403,Florida,91722.0,9585.0,,163.0
20200403,Georgia,25265.0,5831.0,,184.0
20200403,Hawaii,10491.0,285.0,72.0,2.0
20200403,Iowa,9453.0,699.0,188.0,11.0
20200403,Idaho,7945.0,891.0,,9.0
20200403,Illinois,48048.0,8904.0,,210.0
20200403,Indiana,17835.0,3437.0,,102.0
20200403,Kansas,7074.0,620.0,,17.0
20200403,Kentucky,12804.0,770.0,,31.0
20200403,Louisiana,53645.0,10297.0,,370.0
20200403,Massachusetts,62962.0,10402.0,,192.0
20200403,Maryland,23690.0,2758.0,159.0,42.0
20200403,Maine,6520.0,432.0,113.0,9.0
20200403,Michigan,48922.0,15252.0,56.0,479.0
20200403,Minnesota,24227.0,789.0,,22.0
20200403,Missouri,21470.0,2113.0,,19.0
20200403,Mississippi,6111.0,1358.0,,29.0
20200403,Montana,5576.0,243.0,,5.0
20200403,North Carolina,31598.0,2093.0,,19.0
20200403,North Dakota,5798.0,173.0,55.0,3.0
20200403,Nebraska,4766.0,279.0,,6.0
20200403,New Hampshire,7054.0,479.0,101.0,5.0
20200403,New Jersey,67503.0,29895.0,,646.0
20200403,New Mexico,14778.0,403.0,26.0,7.0
20200403,Nevada,14532.0,1514.0,,43.0
20200403,New York,260520.0,102863.0,8886.0,2935.0
20200403,Ohio,38375.0,3312.0,,91.0
20200403,Oklahoma,2303.0,988.0,383.0,38.0
20200403,Oregon,17434.0,899.0,,22.0
20200403,Pennsylvania,62115.0,8420.0,,102.0
20200403,Rhode Island,5566.0,709.0,35.0,14.0
20200403,South Carolina,6995.0,1554.0,,31.0
20200403,South Dakota,4780.0,187.0,69.0,2.0
20200403,Tennessee,37839.0,3067.0,248.0,37.0
20200403,Texas,55764.0,5330.0,38.0,90.0
20200403,Utah,24248.0,1246.0,,7.0
20200403,Virginia,19005.0,2012.0,,46.0
20200403,Vermont,5228.0,389.0,15.0,17.0
20200403,Washington,80212.0,7379.0,,325.0
20200403,Wisconsin,24289.0,1912.0,,37.0
20200403,West Virginia,6367.0,237.0,,2.0
20200403,Wyoming,2866.0,162.0,37.0,0.0
20200402,Alaska,5022.0,143.0,,3.0
20200402,Alabama,8736.0,1233.0,,32.0
20200402,Arkansas,8523.0,643.0,47.0,12.0
20200402,Arizona,22709.0,1598.0,,32.0
20200402,California,33000.0,9191.0,,203.0
20200402,Colorado,18645.0,3342.0,,80.0
20200402,Connecticut,18300.0,3824.0,,112.0
20200402,District of Columbia,5070.0,653.0,173.0,12.0
20200402,Delaware,4959.0,393.0,49.0,12.0
20200402,Florida,77296.0,8010.0,,128.0
20200402,Georgia,22957.0,5348.0,,163.0
20200402,Hawaii,10464.0,258.0,69.0,1.0
20200402,Iowa,8668.0,614.0,46.0,11.0
20200402,Idaho,7282.0,669.0,,9.0
20200402,Illinois,43656.0,7695.0,,157.0
20200402,Indiana,16285.0,3039.0,,78.0
20200402,Kansas,6611.0,552.0,,13.0
20200402,Kentucky,7900.0,680.0,,20.0
20200402,Louisiana,51086.0,9150.0,,310.0
20200402,Massachusetts,56608.0,8966.0,,154.0
20200402,Maryland,21221.0,2331.0,81.0,36.0
20200402,Maine,6464.0,376.0,94.0,7.0
20200402,Michigan,44485.0,14117.0,,417.0
20200402,Minnesota,22394.0,742.0,,18.0
20200402,Missouri,19683.0,1834.0,,19.0
20200402,Mississippi,5930.0,1177.0,,26.0
20200402,Montana,5320.0,227.0,,5.0
20200402,North Carolina,28679.0,1857.0,,16.0
20200402,North Dakota,4980.0,159.0,43.0,3.0
20200402,Nebraska,4224.0,246.0,,5.0
20200402,New Hampshire,6493.0,415.0,91.0,4.0
20200402,New Jersey,59110.0,25590.0,,537.0
20200402,New Mexico,14011.0,363.0,26.0,6.0
20200402,Nevada,14046.0,1458.0,,38.0
20200402,New York,238965.0,92381.0,7434.0,2373.0
20200402,Ohio,34918.0,2902.0,,81.0
20200402,Oklahoma,2144.0,879.0,,34.0
20200402,Oregon,16085.0,826.0,,21.0
20200402,Pennsylvania,54714.0,7016.0,,90.0
20200402,Rhode Island,5069.0,657.0,35.0,12.0
20200402,South Carolina,6995.0,1554.0,,31.0
20200402,South Dakota,4382.0,165.0,57.0,2.0
20200402,Tennessee,34611.0,2845.0,220.0,32.0
20200402,Texas,50679.0,4669.0,38.0,70.0
20200402,Utah,21229.0,1074.0,,7.0
20200402,Virginia,17589.0,1706.0,,41.0
20200402,Vermont,5049.0,338.0,15.0,17.0
20200402,Washington,75667.0,6853.0,,296.0
20200402,Wisconsin,22047.0,1730.0,,31.0
20200402,West Virginia,5493.0,217.0,,2.0
20200402,Wyoming,2589.0,150.0,31.0,0.0
20200401,Alaska,4603.0,133.0,,3.0
20200401,Alabama,7774.0,1077.0,,26.0
20200401,Arkansas,7938.0,584.0,42.0,10.0
20200401,Arizona,21058.0,1413.0,,29.0
20200401,California,29927.0,8155.0,,171.0
20200401,Colorado,16849.0,2966.0,,69.0
20200401,Connecticut,16600.0,3557.0,,85.0
20200401,District of Columbia,3848.0,586.0,142.0,11.0
20200401,Delaware,4383.0,368.0,49.0,11.0
20200401,Florida,66484.0,6955.0,,87.0
20200401,Georgia,20326.0,4638.0,,139.0
20200401,Hawaii,8929.0,208.0,58.0,1.0
20200401,Iowa,7853.0,549.0,118.0,9.0
20200401,Idaho,6601.0,525.0,,9.0
20200401,Illinois,40384.0,6980.0,,141.0
20200401,Indiana,14375.0,2565.0,,65.0
20200401,Kansas,5893.0,482.0,,10.0
20200401,Kentucky,7556.0,591.0,,17.0
20200401,Louisiana,45776.0,6424.0,,273.0
20200401,Massachusetts,51738.0,7738.0,,122.0
20200401,Maryland,19218.0,1985.0,,31.0
20200401,Maine,6432.0,344.0,80.0,7.0
20200401,Michigan,40125.0,12888.0,,337.0
20200401,Minnesota,21191.0,689.0,,17.0
20200401,Missouri,17427.0,1581.0,,18.0
20200401,Mississippi,4785.0,1073.0,,22.0
20200401,Montana,4918.0,208.0,,5.0
20200401,North Carolina,26243.0,1584.0,,10.0
20200401,North Dakota,4493.0,142.0,34.0,3.0
20200401,Nebraska,3685.0,210.0,,4.0
20200401,New Hampshire,6400.0,415.0,56.0,4.0
20200401,New Jersey,52642.0,22255.0,,355.0
20200401,New Mexico,13240.0,315.0,26.0,5.0
20200401,Nevada,12798.0,1279.0,,26.0
20200401,New York,220880.0,83712.0,6142.0,1941.0
20200401,Ohio,29539.0,2547.0,,65.0
20200401,Oklahoma,1967.0,719.0,,30.0
20200401,Oregon,13872.0,736.0,,18.0
20200401,Pennsylvania,48232.0,5805.0,,74.0
20200401,Rhode Island,4397.0,566.0,35.0,10.0
20200401,South Carolina,6326.0,1293.0,,26.0
20200401,South Dakota,4032.0,129.0,51.0,2.0
20200401,Tennessee,32452.0,2683.0,137.0,24.0
20200401,Texas,47857.0,3997.0,38.0,58.0
20200401,Utah,21167.0,1012.0,,7.0
20200401,Virginia,15344.0,1484.0,,34.0
20200401,Vermont,4495.0,321.0,15.0,16.0
20200401,Washington,67066.0,6500.0,,270.0
20200401,Wisconsin,20369.0,1550.0,,24.0
20200401,West Virginia,4575.0,191.0,,1.0
20200401,Wyoming,2348.0,130.0,31.0,0.0
20200331,Alaska,3713.0,119.0,,3.0
20200331,Alabama,7279.0,981.0,,13.0
20200331,Arkansas,6482.0,523.0,35.0,8.0
20200331,Arizona,19371.0,1289.0,,24.0
20200331,California,29254.0,7482.0,,153.0
20200331,Colorado,15364.0,2627.0,,51.0
20200331,Connecticut,16157.0,3128.0,,69.0
20200331,District of Columbia,3757.0,495.0,121.0,9.0
20200331,Delaware,4015.0,319.0,22.0,10.0
20200331,Florida,60623.0,6338.0,,77.0
20200331,Georgia,16181.0,3929.0,,111.0
20200331,Hawaii,8675.0,204.0,49.0,
20200331,Iowa,7385.0,497.0,33.0,7.0
20200331,Idaho,5712.0,415.0,,7.0
20200331,Illinois,35225.0,5994.0,,99.0
20200331,Indiana,13373.0,2159.0,,49.0
20200331,Kansas,5424.0,428.0,,9.0
20200331,Kentucky,6810.0,480.0,,11.0
20200331,Louisiana,38967.0,5237.0,,239.0
20200331,Massachusetts,46935.0,6620.0,,89.0
20200331,Maryland,16528.0,1660.0,,18.0
20200331,Maine,6391.0,303.0,68.0,5.0
20200331,Michigan,35854.0,11875.0,,259.0
20200331,Minnesota,19780.0,629.0,,12.0
20200331,Missouri,15941.0,1327.0,,14.0
20200331,Mississippi,4474.0,937.0,,20.0
20200331,Montana,4418.0,184.0,,4.0
20200331,North Carolina,23106.0,1498.0,,8.0
20200331,North Dakota,4257.0,126.0,30.0,3.0
20200331,Nebraska,3103.0,172.0,,3.0
20200331,New Hampshire,5727.0,314.0,,3.0
20200331,New Jersey,45773.0,18696.0,,267.0
20200331,New Mexico,12527.0,281.0,26.0,4.0
20200331,Nevada,11794.0,1113.0,,17.0
20200331,New York,205186.0,75795.0,4975.0,1550.0
20200331,Ohio,29191.0,2199.0,,55.0
20200331,Oklahoma,1794.0,565.0,,23.0
20200331,Oregon,13826.0,690.0,,18.0
20200331,Pennsylvania,42488.0,4843.0,,63.0
20200331,Rhode Island,3965.0,489.0,35.0,8.0
20200331,South Carolina,5699.0,1083.0,,22.0
20200331,South Dakota,3717.0,108.0,44.0,1.0
20200331,Tennessee,27360.0,2239.0,121.0,23.0
20200331,Texas,42992.0,3266.0,38.0,41.0
20200331,Utah,18513.0,887.0,,5.0
20200331,Virginia,13401.0,1250.0,,27.0
20200331,Vermont,4250.0,293.0,15.0,13.0
20200331,Washington,66579.0,6013.0,,252.0
20200331,Wisconsin,18726.0,1351.0,,16.0
20200331,West Virginia,4143.0,162.0,,1.0
20200331,Wyoming,2108.0,109.0,26.0,0.0
20200330,Alaska,3654.0,114.0,,3.0
20200330,Alabama,6553.0,859.0,,6.0
20200330,Arkansas,5735.0,473.0,29.0,7.0
20200330,Arizona,16759.0,1157.0,,20.0
20200330,California,26996.0,6447.0,,133.0
20200330,Colorado,15364.0,2627.0,,51.0
20200330,Connecticut,14600.0,2571.0,,36.0
20200330,District of Columbia,3083.0,401.0,106.0,9.0
20200330,Delaware,2480.0,264.0,9.0,6.0
20200330,Florida,53698.0,5473.0,,63.0
20200330,Georgia,12724.0,2809.0,,87.0
20200330,Hawaii,8000.0,175.0,,
20200330,Iowa,6586.0,424.0,23.0,6.0
20200330,Idaho,4706.0,310.0,,6.0
20200330,Illinois,30446.0,5057.0,,73.0
20200330,Indiana,11658.0,1786.0,,35.0
20200330,Kansas,4922.0,368.0,,8.0
20200330,Kentucky,6018.0,439.0,,9.0
20200330,Louisiana,34033.0,4025.0,,185.0
20200330,Massachusetts,42793.0,5752.0,,56.0
20200330,Maryland,14729.0,1413.0,,15.0
20200330,Maine,3669.0,275.0,41.0,3.0
20200330,Michigan,32084.0,10901.0,,184.0
20200330,Minnesota,18822.0,576.0,,10.0
20200330,Missouri,14235.0,1031.0,,13.0
20200330,Mississippi,3836.0,847.0,,16.0
20200330,Montana,4314.0,171.0,,4.0
20200330,North Carolina,20864.0,1307.0,,6.0
20200330,North Dakota,3837.0,109.0,19.0,2.0
20200330,Nebraska,2729.0,145.0,,2.0
20200330,New Hampshire,5700.0,314.0,,3.0
20200330,New Jersey,41860.0,16636.0,,198.0
20200330,New Mexico,11179.0,237.0,26.0,2.0
20200330,Nevada,11215.0,1008.0,,15.0
20200330,New York,186468.0,66497.0,4204.0,1218.0
20200330,Ohio,27275.0,1933.0,,39.0
20200330,Oklahoma,1688.0,481.0,,17.0
20200330,Oregon,12883.0,606.0,,16.0
20200330,Pennsylvania,37864.0,4087.0,,49.0
20200330,Rhode Island,3589.0,402.0,,4.0
20200330,South Carolina,5085.0,925.0,,18.0
20200330,South Dakota,3579.0,101.0,34.0,1.0
20200330,Tennessee,23304.0,1834.0,,13.0
20200330,Texas,35880.0,2877.0,38.0,34.0
20200330,Utah,16003.0,806.0,,4.0
20200330,Virginia,12038.0,1020.0,,25.0
20200330,Vermont,3930.0,256.0,,12.0
20200330,Washington,66122.0,5556.0,,239.0
20200330,Wisconsin,17077.0,1221.0,,14.0
20200330,West Virginia,3110.0,126.0,,1.0
20200330,Wyoming,1934.0,94.0,24.0,0.0
20200329,Alaska,3334.0,102.0,,2.0
20200329,Alabama,4990.0,806.0,,4.0
20200329,Arkansas,3453.0,426.0,28.0,6.0
20200329,Arizona,13872.0,919.0,,17.0
20200329,California,26257.0,5708.0,,123.0
20200329,Colorado,13276.0,2061.0,,44.0
20200329,Connecticut,11900.0,1993.0,,34.0
20200329,District of Columbia,2811.0,342.0,66.0,5.0
20200329,Delaware,268.0,232.0,9.0,6.0
20200329,Florida,43316.0,4246.0,,56.0
20200329,Georgia,12564.0,2651.0,,80.0
20200329,Hawaii,7000.0,151.0,,
20200329,Iowa,5349.0,336.0,17.0,4.0
20200329,Idaho,4282.0,261.0,,5.0
20200329,Illinois,27762.0,4596.0,,65.0
20200329,Indiana,9830.0,1514.0,,32.0
20200329,Kansas,4513.0,319.0,,6.0
20200329,Kentucky,5541.0,394.0,,9.0
20200329,Louisiana,27871.0,3540.0,,151.0
20200329,Massachusetts,39066.0,4955.0,,48.0
20200329,Maryland,13593.0,1239.0,,10.0
20200329,Maine,3647.0,253.0,41.0,3.0
20200329,Michigan,25686.0,10010.0,,132.0
20200329,Minnesota,17657.0,503.0,252.0,9.0
20200329,Missouri,12385.0,838.0,,10.0
20200329,Mississippi,3318.0,758.0,,14.0
20200329,Montana,4297.0,154.0,,1.0
20200329,North Carolina,18945.0,1040.0,,4.0
20200329,North Dakota,3453.0,98.0,18.0,1.0
20200329,Nebraska,2076.0,108.0,,2.0
20200329,New Hampshire,4738.0,214.0,,2.0
20200329,New Jersey,35602.0,13386.0,,161.0
20200329,New Mexico,11006.0,237.0,2.0,2.0
20200329,Nevada,9150.0,738.0,,14.0
20200329,New York,172360.0,59513.0,3572.0,965.0
20200329,Ohio,20665.0,1653.0,,29.0
20200329,Oklahoma,1634.0,429.0,,16.0
20200329,Oregon,11426.0,548.0,,13.0
20200329,Pennsylvania,33455.0,3394.0,,38.0
20200329,Rhode Island,3134.0,294.0,,3.0
20200329,South Carolina,3789.0,774.0,,16.0
20200329,South Dakota,3217.0,90.0,29.0,1.0
20200329,Tennessee,20574.0,1537.0,,7.0
20200329,Texas,25760.0,2552.0,,34.0
20200329,Utah,13993.0,719.0,,2.0
20200329,Virginia,10609.0,890.0,,22.0
20200329,Vermont,3701.0,235.0,,12.0
20200329,Washington,59990.0,5094.0,,228.0
20200329,Wisconsin,17662.0,1112.0,,13.0
20200329,West Virginia,2818.0,113.0,,0.0
20200329,Wyoming,1640.0,86.0,20.0,0.0
20200328,Alaska,2921.0,85.0,,2.0
20200328,Alabama,4880.0,696.0,,3.0
20200328,Arkansas,3342.0,404.0,24.0,5.0
20200328,Arizona,8328.0,873.0,,15.0
20200328,California,25192.0,4643.0,,101.0
20200328,Colorado,11676.0,1734.0,,31.0
20200328,Connecticut,8400.0,1291.0,,27.0
20200328,District of Columbia,2515.0,304.0,51.0,4.0
20200328,Delaware,250.0,214.0,9.0,3.0
20200328,Florida,39129.0,3763.0,,54.0
20200328,Georgia,11051.0,2366.0,,69.0
20200328,Hawaii,4477.0,120.0,,
20200328,Iowa,4673.0,298.0,15.0,3.0
20200328,Idaho,3572.0,230.0,,4.0
20200328,Illinois,25491.0,3491.0,,47.0
20200328,Indiana,8407.0,1232.0,,31.0
20200328,Kansas,3932.0,261.0,,5.0
20200328,Kentucky,5123.0,302.0,,8.0
20200328,Louisiana,25161.0,3315.0,,137.0
20200328,Massachusetts,35049.0,4257.0,,44.0
20200328,Maryland,12508.0,992.0,,5.0
20200328,Maine,3605.0,211.0,36.0,1.0
20200328,Michigan,23470.0,9287.0,,92.0
20200328,Minnesota,16129.0,441.0,220.0,5.0
20200328,Missouri,10920.0,838.0,,10.0
20200328,Mississippi,3223.0,663.0,,13.0
20200328,Montana,3385.0,129.0,,1.0
20200328,North Carolina,17527.0,935.0,,4.0
20200328,North Dakota,2892.0,83.0,16.0,1.0
20200328,Nebraska,2000.0,96.0,,2.0
20200328,New Hampshire,3843.0,187.0,,2.0
20200328,New Jersey,30510.0,11124.0,,140.0
20200328,New Mexico,9387.0,191.0,,1.0
20200328,Nevada,8522.0,621.0,,10.0
20200328,New York,155934.0,52318.0,2726.0,728.0
20200328,Ohio,20418.0,1406.0,,25.0
20200328,Oklahoma,1557.0,377.0,,15.0
20200328,Oregon,10172.0,479.0,,13.0
20200328,Pennsylvania,28005.0,2751.0,,34.0
20200328,Rhode Island,2780.0,239.0,,
20200328,South Carolina,2947.0,539.0,,13.0
20200328,South Dakota,2660.0,68.0,26.0,1.0
20200328,Tennessee,18338.0,1373.0,,6.0
20200328,Texas,25260.0,2052.0,,27.0
20200328,Utah,11312.0,602.0,,2.0
20200328,Virginia,9166.0,739.0,,17.0
20200328,Vermont,2374.0,211.0,,12.0
20200328,Washington,53727.0,4712.0,,211.0
20200328,Wisconsin,16221.0,989.0,,13.0
20200328,West Virginia,2427.0,96.0,,0.0
20200328,Wyoming,1557.0,82.0,18.0,0.0
20200327,Alaska,2388.0,69.0,,1.0
20200327,Alabama,4771.0,587.0,,3.0
20200327,Arkansas,1926.0,381.0,19.0,3.0
20200327,Arizona,8191.0,736.0,,13.0
20200327,California,21259.0,3879.0,,78.0
20200327,Colorado,10122.0,1430.0,,24.0
20200327,Connecticut,8400.0,1291.0,,27.0
20200327,District of Columbia,2164.0,267.0,49.0,3.0
20200327,Delaware,199.0,163.0,9.0,2.0
20200327,Florida,30951.0,2765.0,,34.0
20200327,Georgia,9865.0,2001.0,,64.0
20200327,Hawaii,4463.0,106.0,,
20200327,Iowa,3975.0,235.0,18.0,3.0
20200327,Idaho,2857.0,189.0,,3.0
20200327,Illinois,21542.0,3026.0,,34.0
20200327,Indiana,6936.0,981.0,,24.0
20200327,Kansas,3431.0,202.0,,4.0
20200327,Kentucky,4016.0,248.0,,6.0
20200327,Louisiana,21359.0,2746.0,,119.0
20200327,Massachusetts,29371.0,3240.0,,35.0
20200327,Maryland,868.0,774.0,25.0,5.0
20200327,Maine,3562.0,168.0,24.0,1.0
20200327,Michigan,21298.0,8659.0,,92.0
20200327,Minnesota,14003.0,398.0,180.0,4.0
20200327,Missouri,1038.0,669.0,,8.0
20200327,Mississippi,3139.0,579.0,,8.0
20200327,Montana,2698.0,108.0,,
20200327,North Carolina,15136.0,763.0,,3.0
20200327,North Dakota,2492.0,65.0,15.0,0.0
20200327,Nebraska,1846.0,85.0,,0.0
20200327,New Hampshire,3553.0,158.0,,1.0
20200327,New Jersey,25372.0,8825.0,,108.0
20200327,New Mexico,8513.0,136.0,,1.0
20200327,Nevada,6696.0,535.0,,10.0
20200327,New York,145753.0,44635.0,2045.0,519.0
20200327,Ohio,20149.0,1137.0,,19.0
20200327,Oklahoma,1406.0,322.0,,8.0
20200327,Oregon,8924.0,414.0,,12.0
20200327,Pennsylvania,23234.0,2218.0,,22.0
20200327,Rhode Island,2509.0,203.0,,
20200327,South Carolina,2763.0,456.0,,9.0
20200327,South Dakota,2445.0,58.0,21.0,1.0
20200327,Tennessee,16091.0,1203.0,,6.0
20200327,Texas,23666.0,1731.0,,23.0
20200327,Utah,9244.0,480.0,,2.0
20200327,Virginia,7337.0,604.0,,14.0
20200327,Vermont,2261.0,184.0,,10.0
20200327,Washington,47453.0,4280.0,,191.0
20200327,Wisconsin,13982.0,842.0,,13.0
20200327,West Virginia,1855.0,76.0,,0.0
20200327,Wyoming,1281.0,70.0,17.0,0.0
20200326,Alaska,1860.0,59.0,,1.0
20200326,Alabama,4099.0,506.0,,1.0
20200326,Arkansas,1839.0,335.0,13.0,3.0
20200326,Arizona,924.0,577.0,,8.0
20200326,California,20386.0,3006.0,,65.0
20200326,Colorado,8064.0,1086.0,,19.0
20200326,Connecticut,6637.0,1012.0,,21.0
20200326,District of Columbia,1857.0,231.0,21.0,3.0
20200326,Delaware,166.0,130.0,4.0,1.0
20200326,Florida,26096.0,2355.0,,28.0
20200326,Georgia,8926.0,1525.0,,48.0
20200326,Hawaii,4452.0,95.0,,
20200326,Iowa,2757.0,179.0,15.0,1.0
20200326,Idaho,2188.0,123.0,,0.0
20200326,Illinois,16631.0,2538.0,,26.0
20200326,Indiana,4651.0,645.0,,17.0
20200326,Kansas,3037.0,168.0,,3.0
20200326,Kentucky,3300.0,198.0,,4.0
20200326,Louisiana,18029.0,2305.0,,83.0
20200326,Massachusetts,23621.0,2417.0,,25.0
20200326,Maryland,674.0,580.0,,4.0
20200326,Maine,3549.0,155.0,16.0,
20200326,Michigan,18072.0,7767.0,,60.0
20200326,Minnesota,12950.0,346.0,,2.0
20200326,Missouri,871.0,502.0,,8.0
20200326,Mississippi,2776.0,485.0,,6.0
20200326,Montana,2199.0,71.0,,
20200326,North Carolina,12910.0,636.0,,2.0
20200326,North Dakota,2091.0,52.0,,0.0
20200326,Nebraska,1657.0,73.0,,0.0
20200326,New Hampshire,3138.0,137.0,,1.0
20200326,New Jersey,20537.0,6876.0,,81.0
20200326,New Mexico,7793.0,112.0,,1.0
20200326,Nevada,5117.0,420.0,,10.0
20200326,New York,122104.0,37258.0,,385.0
20200326,Ohio,17316.0,867.0,,15.0
20200326,Oklahoma,1206.0,248.0,,7.0
20200326,Oregon,7280.0,327.0,,11.0
20200326,Pennsylvania,18128.0,1687.0,,16.0
20200326,Rhode Island,1427.0,165.0,,
20200326,South Carolina,2763.0,456.0,,9.0
20200326,South Dakota,2019.0,46.0,16.0,1.0
20200326,Tennessee,14909.0,957.0,,3.0
20200326,Texas,21424.0,1396.0,,18.0
20200326,Utah,7710.0,402.0,,1.0
20200326,Virginia,6189.0,460.0,,13.0
20200326,Vermont,2008.0,158.0,,9.0
20200326,Washington,35513.0,3801.0,,177.0
20200326,Wisconsin,12290.0,707.0,,8.0
20200326,West Virginia,1082.0,51.0,,0.0
20200326,Wyoming,1105.0,53.0,12.0,
20200325,Alaska,1691.0,42.0,,1.0
20200325,Alabama,2812.0,283.0,,0.0
20200325,Arkansas,1717.0,280.0,11.0,2.0
20200325,Arizona,773.0,450.0,,6.0
20200325,California,18276.0,2355.0,,53.0
20200325,Colorado,7701.0,912.0,,11.0
20200325,Connecticut,5898.0,875.0,,19.0
20200325,District of Columbia,1606.0,183.0,,2.0
20200325,Delaware,151.0,115.0,,0.0
20200325,Florida,17056.0,1682.0,,22.0
20200325,Georgia,6179.0,1247.0,,40.0
20200325,Hawaii,4447.0,90.0,,
20200325,Iowa,2723.0,145.0,,1.0
20200325,Idaho,1960.0,73.0,,0.0
20200325,Illinois,14209.0,1865.0,,19.0
20200325,Indiana,3356.0,477.0,,14.0
20200325,Kansas,2486.0,126.0,,3.0
20200325,Kentucky,3022.0,157.0,,4.0
20200325,Louisiana,11451.0,1795.0,,65.0
20200325,Massachusetts,19794.0,1838.0,,15.0
20200325,Maryland,517.0,423.0,,4.0
20200325,Maine,3326.0,149.0,7.0,
20200325,Michigan,14597.0,7060.0,,43.0
20200325,Minnesota,11475.0,287.0,122.0,1.0
20200325,Missouri,725.0,356.0,,8.0
20200325,Mississippi,1943.0,377.0,,2.0
20200325,Montana,2001.0,53.0,,
20200325,North Carolina,10489.0,504.0,,1.0
20200325,North Dakota,1773.0,39.0,,0.0
20200325,Nebraska,1365.0,61.0,,0.0
20200325,New Hampshire,2464.0,108.0,,1.0
20200325,New Jersey,14854.0,4402.0,,62.0
20200325,New Mexico,6842.0,100.0,,1.0
20200325,Nevada,4572.0,321.0,,6.0
20200325,New York,103479.0,30811.0,,285.0
20200325,Ohio,14764.0,704.0,,10.0
20200325,Oklahoma,969.0,164.0,,5.0
20200325,Oregon,4559.0,209.0,,8.0
20200325,Pennsylvania,12320.0,1127.0,,11.0
20200325,Rhode Island,1394.0,132.0,,
20200325,South Carolina,2727.0,424.0,,7.0
20200325,South Dakota,860.0,41.0,,1.0
20200325,Tennessee,11796.0,784.0,,3.0
20200325,Texas,13494.0,974.0,,12.0
20200325,Utah,6837.0,346.0,,1.0
20200325,Virginia,5370.0,391.0,,9.0
20200325,Vermont,1712.0,123.0,,8.0
20200325,Washington,35037.0,3325.0,,155.0
20200325,Wisconsin,10674.0,585.0,,7.0
20200325,West Virginia,798.0,39.0,,0.0
20200325,Wyoming,998.0,44.0,7.0,
20200324,Alaska,1022.0,36.0,,0.0
20200324,Alabama,2321.0,215.0,,0.0
20200324,Arkansas,1165.0,218.0,,0.0
20200324,Arizona,670.0,357.0,,5.0
20200324,California,15554.0,2102.0,,40.0
20200324,Colorado,6224.0,720.0,,7.0
20200324,Connecticut,5300.0,618.0,,12.0
20200324,District of Columbia,1332.0,137.0,,2.0
20200324,Delaware,127.0,91.0,,0.0
20200324,Florida,14539.0,1412.0,,18.0
20200324,Georgia,5484.0,1026.0,,32.0
20200324,Hawaii,3666.0,77.0,,
20200324,Iowa,2439.0,124.0,,
20200324,Idaho,1937.0,50.0,,0.0
20200324,Illinois,11469.0,1535.0,,16.0
20200324,Indiana,2931.0,365.0,,12.0
20200324,Kansas,2184.0,98.0,,2.0
20200324,Kentucky,1886.0,124.0,,4.0
20200324,Louisiana,8603.0,1388.0,,46.0
20200324,Massachusetts,13749.0,1159.0,,11.0
20200324,Maryland,443.0,349.0,,3.0
20200324,Maine,3139.0,125.0,,
20200324,Michigan,12237.0,6441.0,,24.0
20200324,Minnesota,5812.0,262.0,,1.0
20200324,Missouri,552.0,183.0,,3.0
20200324,Mississippi,1872.0,320.0,,1.0
20200324,Montana,1689.0,46.0,,
20200324,North Carolina,8539.0,398.0,,0.0
20200324,North Dakota,1488.0,34.0,,0.0
20200324,Nebraska,1027.0,52.0,,0.0
20200324,New Hampshire,1548.0,101.0,,1.0
20200324,New Jersey,12000.0,3675.0,,44.0
20200324,New Mexico,5973.0,83.0,,
20200324,Nevada,4232.0,278.0,,4.0
20200324,New York,91270.0,25665.0,,210.0
20200324,Ohio,704.0,564.0,,8.0
20200324,Oklahoma,841.0,106.0,,3.0
20200324,Oregon,4559.0,209.0,,8.0
20200324,Pennsylvania,9494.0,851.0,,7.0
20200324,Rhode Island,1324.0,124.0,,
20200324,South Carolina,2310.0,298.0,,5.0
20200324,South Dakota,820.0,30.0,,1.0
20200324,Tennessee,11184.0,667.0,,2.0
20200324,Texas,11167.0,410.0,,9.0
20200324,Utah,5823.0,299.0,,1.0
20200324,Virginia,4470.0,290.0,,7.0
20200324,Vermont,1535.0,95.0,,7.0
20200324,Washington,34580.0,2868.0,,142.0
20200324,Wisconsin,8694.0,457.0,,5.0
20200324,West Virginia,630.0,20.0,,0.0
20200324,Wyoming,739.0,29.0,,
20200323,Alaska,968.0,22.0,,0.0
20200323,Alabama,1832.0,167.0,,0.0
20200323,Arkansas,1080.0,174.0,,0.0
20200323,Arizona,574.0,265.0,,2.0
20200323,California,14300.0,1733.0,,27.0
20200323,Colorado,5436.0,591.0,,6.0
20200323,Connecticut,4500.0,415.0,,10.0
20200323,District of Columbia,1229.0,116.0,,2.0
20200323,Delaware,104.0,68.0,,0.0
20200323,Florida,12234.0,1171.0,,14.0
20200323,Georgia,5069.0,772.0,,25.0
20200323,Hawaii,3011.0,56.0,,
20200323,Iowa,2148.0,105.0,,
20200323,Idaho,1356.0,47.0,,0.0
20200323,Illinois,9856.0,1273.0,,12.0
20200323,Indiana,1960.0,259.0,,7.0
20200323,Kansas,499.0,82.0,,2.0
20200323,Kentucky,1866.0,104.0,,3.0
20200323,Louisiana,5948.0,1172.0,,34.0
20200323,Massachusetts,8922.0,777.0,,9.0
20200323,Maryland,382.0,288.0,,3.0
20200323,Maine,2898.0,107.0,,
20200323,Michigan,10486.0,5789.0,,15.0
20200323,Minnesota,4746.0,235.0,,1.0
20200323,Missouri,552.0,183.0,,3.0
20200323,Mississippi,1392.0,249.0,,1.0
20200323,Montana,1180.0,34.0,,
20200323,North Carolina,8438.0,297.0,,0.0
20200323,North Dakota,1383.0,30.0,,0.0
20200323,Nebraska,406.0,50.0,,0.0
20200323,New Hampshire,1452.0,78.0,,
20200323,New Jersey,3203.0,2844.0,,27.0
20200323,New Mexico,5386.0,65.0,,
20200323,Nevada,3735.0,245.0,,4.0
20200323,New York,78289.0,20875.0,,114.0
20200323,Ohio,582.0,442.0,,6.0
20200323,Oklahoma,775.0,81.0,,2.0
20200323,Oregon,3840.0,191.0,,5.0
20200323,Pennsylvania,7239.0,644.0,,6.0
20200323,Rhode Island,1249.0,106.0,,
20200323,South Carolina,1764.0,298.0,,5.0
20200323,South Dakota,790.0,28.0,,1.0
20200323,Tennessee,3887.0,615.0,,2.0
20200323,Texas,10055.0,352.0,,8.0
20200323,Utah,5047.0,257.0,,1.0
20200323,Virginia,3697.0,254.0,,6.0
20200323,Vermont,1181.0,75.0,,5.0
20200323,Washington,31368.0,2489.0,,133.0
20200323,Wisconsin,7466.0,416.0,,5.0
20200323,West Virginia,460.0,16.0,,0.0
20200323,Wyoming,618.0,26.0,,
20200322,Alaska,968.0,22.0,,0.0
20200322,Alabama,1602.0,138.0,,0.0
20200322,Arkansas,876.0,165.0,,0.0
20200322,Arizona,434.0,152.0,,2.0
20200322,California,12840.0,1536.0,,27.0
20200322,Colorado,4550.0,475.0,,5.0
20200322,Connecticut,3100.0,223.0,,5.0
20200322,District of Columbia,1055.0,98.0,,1.0
20200322,Delaware,92.0,56.0,,0.0
20200322,Florida,8820.0,830.0,,13.0
20200322,Georgia,4020.0,600.0,,23.0
20200322,Hawaii,311.0,48.0,,
20200322,Iowa,1305.0,90.0,,
20200322,Idaho,1217.0,42.0,,0.0
20200322,Illinois,8320.0,1049.0,,9.0
20200322,Indiana,1494.0,201.0,,6.0
20200322,Kansas,481.0,64.0,,2.0
20200322,Kentucky,1571.0,99.0,,3.0
20200322,Louisiana,3498.0,837.0,,20.0
20200322,Massachusetts,6105.0,646.0,,5.0
20200322,Maryland,338.0,244.0,,3.0
20200322,Maine,2353.0,89.0,,
20200322,Michigan,8810.0,5098.0,,8.0
20200322,Minnesota,4680.0,169.0,,1.0
20200322,Missouri,459.0,90.0,,3.0
20200322,Mississippi,1321.0,207.0,,1.0
20200322,Montana,1177.0,31.0,,
20200322,North Carolina,6438.0,255.0,,0.0
20200322,North Dakota,1288.0,28.0,,0.0
20200322,Nebraska,404.0,48.0,,0.0
20200322,New Hampshire,1253.0,65.0,,
20200322,New Jersey,2241.0,1914.0,,20.0
20200322,New Mexico,4779.0,57.0,,
20200322,Nevada,2638.0,190.0,,2.0
20200322,New York,61401.0,15168.0,,114.0
20200322,Ohio,491.0,351.0,,3.0
20200322,Oklahoma,736.0,67.0,,2.0
20200322,Oregon,3025.0,161.0,,4.0
20200322,Pennsylvania,5443.0,479.0,,2.0
20200322,Rhode Island,1015.0,83.0,,
20200322,South Carolina,1661.0,195.0,,3.0
20200322,South Dakota,761.0,21.0,,1.0
20200322,Tennessee,3777.0,505.0,,
20200322,Texas,8756.0,334.0,,5.0
20200322,Utah,3689.0,181.0,,1.0
20200322,Virginia,3337.0,219.0,,3.0
20200322,Vermont,1158.0,52.0,,2.0
20200322,Washington,27606.0,2278.0,,122.0
20200322,Wisconsin,6615.0,385.0,,4.0
20200322,West Virginia,397.0,12.0,,0.0
20200322,Wyoming,462.0,24.0,,
20200321,Alaska,772.0,14.0,,0.0
20200321,Alabama,152.0,124.0,,0.0
20200321,Arkansas,685.0,118.0,,
20200321,Arizona,344.0,104.0,,1.0
20200321,California,12528.0,1279.0,,24.0
20200321,Colorado,3680.0,363.0,,4.0
20200321,Connecticut,2300.0,194.0,,4.0
20200321,District of Columbia,583.0,77.0,,1.0
20200321,Delaware,81.0,45.0,,0.0
20200321,Florida,7237.0,658.0,,12.0
20200321,Georgia,3064.0,507.0,,14.0
20200321,Hawaii,161.0,37.0,,
20200321,Iowa,1117.0,68.0,,
20200321,Idaho,911.0,31.0,,
20200321,Illinois,6241.0,753.0,,6.0
20200321,Indiana,833.0,126.0,,4.0
20200321,Kansas,472.0,55.0,,2.0
20200321,Kentucky,768.0,54.0,,2.0
20200321,Louisiana,2765.0,585.0,,16.0
20200321,Massachusetts,5277.0,525.0,,1.0
20200321,Maryland,284.0,190.0,,2.0
20200321,Maine,2337.0,73.0,,
20200321,Michigan,8239.0,4543.0,,5.0
20200321,Minnesota,4090.0,138.0,,1.0
20200321,Missouri,442.0,73.0,,3.0
20200321,Mississippi,835.0,140.0,,1.0
20200321,Montana,1166.0,20.0,,
20200321,North Carolina,5276.0,184.0,,0.0
20200321,North Dakota,1169.0,28.0,,0.0
20200321,Nebraska,394.0,38.0,,0.0
20200321,New Hampshire,1028.0,55.0,,
20200321,New Jersey,1621.0,1327.0,,16.0
20200321,New Mexico,3828.0,57.0,,
20200321,Nevada,2508.0,124.0,,2.0
20200321,New York,45437.0,10356.0,,44.0
20200321,Ohio,387.0,247.0,,3.0
20200321,Oklahoma,613.0,53.0,,1.0
20200321,Oregon,2117.0,114.0,,3.0
20200321,Pennsylvania,4137.0,371.0,,2.0
20200321,Rhode Island,928.0,66.0,,
20200321,South Carolina,1407.0,152.0,,1.0
20200321,South Dakota,705.0,14.0,,1.0
20200321,Tennessee,3643.0,371.0,,
20200321,Texas,6522.0,304.0,,5.0
20200321,Utah,2560.0,136.0,,0.0
20200321,Virginia,2790.0,152.0,,2.0
20200321,Vermont,808.0,29.0,,2.0
20200321,Washington,23757.0,2038.0,,108.0
20200321,Wisconsin,4909.0,281.0,,4.0
20200321,West Virginia,341.0,11.0,,0.0
20200321,Wyoming,461.0,23.0,,
20200320,Alaska,698.0,12.0,,0.0
20200320,Alabama,109.0,81.0,,0.0
20200320,Arkansas,447.0,96.0,,
20200320,Arizona,276.0,65.0,,0.0
20200320,California,11487.0,1063.0,,20.0
20200320,Colorado,2952.0,277.0,,3.0
20200320,Connecticut,798.0,194.0,,3.0
20200320,District of Columbia,572.0,71.0,,1.0
20200320,Delaware,74.0,38.0,,0.0
20200320,Florida,2390.0,520.0,,10.0
20200320,Georgia,2386.0,420.0,,13.0
20200320,Hawaii,150.0,26.0,,
20200320,Iowa,687.0,45.0,,
20200320,Idaho,613.0,23.0,,
20200320,Illinois,4281.0,585.0,,5.0
20200320,Indiana,554.0,79.0,,2.0
20200320,Kansas,461.0,44.0,,1.0
20200320,Kentucky,639.0,47.0,,1.0
20200320,Louisiana,1047.0,479.0,,12.0
20200320,Massachusetts,4091.0,413.0,,1.0
20200320,Maryland,243.0,149.0,,1.0
20200320,Maine,2321.0,57.0,,
20200320,Michigan,6773.0,4027.0,,3.0
20200320,Minnesota,3856.0,115.0,,
20200320,Missouri,416.0,47.0,,1.0
20200320,Mississippi,775.0,80.0,,1.0
20200320,Montana,947.0,16.0,,
20200320,North Carolina,3233.0,137.0,,0.0
20200320,North Dakota,820.0,20.0,,0.0
20200320,Nebraska,272.0,32.0,,0.0
20200320,New Hampshire,789.0,44.0,,
20200320,New Jersey,1154.0,890.0,,11.0
20200320,New Mexico,3814.0,43.0,,
20200320,Nevada,2101.0,109.0,,1.0
20200320,New York,32427.0,7102.0,,35.0
20200320,Ohio,309.0,169.0,,1.0
20200320,Oklahoma,587.0,49.0,,1.0
20200320,Oregon,2117.0,114.0,,3.0
20200320,Pennsylvania,2842.0,268.0,,1.0
20200320,Rhode Island,854.0,54.0,,
20200320,South Carolina,914.0,81.0,,1.0
20200320,South Dakota,677.0,14.0,,1.0
20200320,Tennessee,791.0,228.0,,
20200320,Texas,5277.0,194.0,,5.0
20200320,Utah,2147.0,112.0,,0.0
20200320,Virginia,2325.0,114.0,,2.0
20200320,Vermont,808.0,29.0,,2.0
20200320,Washington,21137.0,1801.0,,102.0
20200320,Wisconsin,3661.0,206.0,,3.0
20200320,West Virginia,226.0,7.0,,0.0
20200320,Wyoming,350.0,19.0,,
20200319,Alaska,438.0,6.0,,0.0
20200319,Alabama,96.0,68.0,,0.0
20200319,Arkansas,356.0,46.0,,
20200319,Arizona,219.0,44.0,,0.0
20200319,California,9711.0,924.0,,18.0
20200319,Colorado,2328.0,216.0,,2.0
20200319,Connecticut,700.0,96.0,,1.0
20200319,District of Columbia,192.0,39.0,,0.0
20200319,Delaware,66.0,30.0,,0.0
20200319,Florida,1923.0,390.0,,8.0
20200319,Georgia,1831.0,287.0,,10.0
20200319,Hawaii,109.0,16.0,,
20200319,Iowa,121.0,38.0,,
20200319,Idaho,470.0,11.0,,
20200319,Illinois,3147.0,422.0,,4.0
20200319,Indiana,380.0,56.0,,2.0
20200319,Kansas,451.0,34.0,,1.0
20200319,Kentucky,489.0,35.0,,1.0
20200319,Louisiana,805.0,347.0,,8.0
20200319,Massachusetts,3132.0,328.0,,
20200319,Maryland,201.0,107.0,,1.0
20200319,Maine,2057.0,53.0,,
20200319,Michigan,5177.0,3392.0,,3.0
20200319,Minnesota,3038.0,89.0,,
20200319,Missouri,332.0,24.0,,1.0
20200319,Mississippi,602.0,50.0,,
20200319,Montana,773.0,12.0,,
20200319,North Carolina,2505.0,97.0,,0.0
20200319,North Dakota,508.0,15.0,,0.0
20200319,Nebraska,267.0,27.0,,0.0
20200319,New Hampshire,660.0,39.0,,
20200319,New Jersey,952.0,742.0,,9.0
20200319,New Mexico,2797.0,35.0,,
20200319,Nevada,1721.0,95.0,,1.0
20200319,New York,22284.0,4152.0,,12.0
20200319,Ohio,259.0,119.0,,
20200319,Oklahoma,510.0,44.0,,1.0
20200319,Oregon,1417.0,88.0,,3.0
20200319,Pennsylvania,1793.0,185.0,,1.0
20200319,Rhode Island,698.0,44.0,,
20200319,South Carolina,643.0,60.0,,1.0
20200319,South Dakota,562.0,11.0,,1.0
20200319,Tennessee,503.0,154.0,,
20200319,Texas,2355.0,143.0,,3.0
20200319,Utah,1526.0,78.0,,0.0
20200319,Virginia,1923.0,94.0,,2.0
20200319,Vermont,667.0,22.0,,
20200319,Washington,17479.0,1561.0,,91.0
20200319,Wisconsin,2347.0,155.0,,
20200319,West Virginia,145.0,2.0,,0.0
20200319,Wyoming,289.0,18.0,,
20200318,Alaska,412.0,6.0,,0.0
20200318,Alabama,74.0,46.0,,0.0
20200318,Arkansas,269.0,33.0,,
20200318,Arizona,176.0,28.0,,0.0
20200318,California,8592.0,611.0,,13.0
20200318,Colorado,1800.0,183.0,,2.0
20200318,Connecticut,193.0,68.0,,
20200318,District of Columbia,169.0,31.0,,
20200318,Delaware,61.0,25.0,,
20200318,Florida,1539.0,314.0,,7.0
20200318,Georgia,1508.0,197.0,,1.0
20200318,Hawaii,107.0,14.0,,
20200318,Iowa,112.0,29.0,,
20200318,Idaho,468.0,9.0,,
20200318,Illinois,2051.0,288.0,,1.0
20200318,Indiana,193.0,39.0,,2.0
20200318,Kansas,433.0,16.0,,1.0
20200318,Kentucky,380.0,26.0,,1.0
20200318,Louisiana,575.0,240.0,,6.0
20200318,Massachusetts,2271.0,256.0,,
20200318,Maryland,179.0,85.0,,
20200318,Maine,1713.0,43.0,,
20200318,Michigan,4128.0,2913.0,,
20200318,Minnesota,2762.0,77.0,,
20200318,Missouri,266.0,13.0,,0.0
20200318,Mississippi,513.0,34.0,,
20200318,Montana,509.0,10.0,,
20200318,North Carolina,1850.0,63.0,,0.0
20200318,North Dakota,274.0,6.0,,0.0
20200318,Nebraska,230.0,24.0,,
20200318,New Hampshire,539.0,26.0,,
20200318,New Jersey,617.0,427.0,,5.0
20200318,New Mexico,2354.0,28.0,,
20200318,Nevada,223.0,55.0,,1.0
20200318,New York,14597.0,2382.0,,12.0
20200318,Ohio,228.0,88.0,,
20200318,Oklahoma,407.0,29.0,,
20200318,Oregon,1193.0,75.0,,3.0
20200318,Pennsylvania,1320.0,133.0,,1.0
20200318,Rhode Island,573.0,33.0,,
20200318,South Carolina,643.0,60.0,,1.0
20200318,South Dakota,562.0,11.0,,1.0
20200318,Tennessee,447.0,98.0,,
20200318,Texas,1907.0,83.0,,2.0
20200318,Utah,194.0,63.0,,0.0
20200318,Virginia,1278.0,77.0,,1.0
20200318,Vermont,611.0,19.0,,
20200318,Washington,14529.0,1412.0,,81.0
20200318,Wisconsin,1683.0,106.0,,
20200318,West Virginia,123.0,1.0,,0.0
20200318,Wyoming,193.0,15.0,,
20200317,Alaska,337.0,3.0,,0.0
20200317,Alabama,64.0,36.0,,0.0
20200317,Arkansas,219.0,22.0,,
20200317,Arizona,162.0,20.0,,0.0
20200317,California,8464.0,483.0,,11.0
20200317,Colorado,1216.0,160.0,,1.0
20200317,Connecticut,166.0,41.0,,
20200317,District of Columbia,126.0,22.0,,
20200317,Delaware,52.0,16.0,,
20200317,Florida,1126.0,186.0,,6.0
20200317,Georgia,146.0,146.0,,1.0
20200317,Hawaii,10.0,10.0,,
20200317,Iowa,106.0,23.0,,
20200317,Idaho,353.0,7.0,,
20200317,Illinois,1499.0,159.0,,1.0
20200317,Indiana,159.0,30.0,,2.0
20200317,Kansas,397.0,15.0,,1.0
20200317,Kentucky,317.0,22.0,,1.0
20200317,Louisiana,457.0,171.0,,4.0
20200317,Massachusetts,1759.0,218.0,,
20200317,Maryland,151.0,57.0,,
20200317,Maine,1335.0,32.0,,
20200317,Michigan,3019.0,2393.0,,
20200317,Minnesota,2336.0,60.0,,
20200317,Missouri,215.0,8.0,,0.0
20200317,Mississippi,389.0,21.0,,
20200317,Montana,311.0,8.0,,
20200317,North Carolina,514.0,40.0,,0.0
20200317,North Dakota,223.0,3.0,,0.0
20200317,Nebraska,227.0,21.0,,
20200317,New Hampshire,372.0,17.0,,
20200317,New Jersey,430.0,267.0,,3.0
20200317,New Mexico,1272.0,23.0,,
20200317,Nevada,223.0,55.0,,1.0
20200317,New York,7206.0,1700.0,,7.0
20200317,Ohio,207.0,67.0,,
20200317,Oklahoma,264.0,17.0,,
20200317,Oregon,736.0,47.0,,
20200317,Pennsylvania,975.0,96.0,,
20200317,Rhode Island,426.0,23.0,,
20200317,South Carolina,344.0,33.0,,1.0
20200317,South Dakota,562.0,11.0,,
20200317,Tennessee,403.0,73.0,,
20200317,Texas,1268.0,64.0,,1.0
20200317,Utah,182.0,51.0,,0.0
20200317,Virginia,1028.0,67.0,,1.0
20200317,Vermont,505.0,10.0,,
20200317,Washington,12821.0,1239.0,,77.0
20200317,Wisconsin,1110.0,72.0,,
20200317,West Virginia,80.0,0.0,,0.0
20200317,Wyoming,105.0,10.0,,
20200316,Alaska,144.0,1.0,,0.0
20200316,Alabama,56.0,28.0,,0.0
20200316,Arkansas,154.0,22.0,,
20200316,Arizona,143.0,18.0,,0.0
20200316,California,8316.0,335.0,,6.0
20200316,Colorado,758.0,131.0,,1.0
20200316,Connecticut,151.0,26.0,,
20200316,District of Columbia,113.0,17.0,,
20200316,Delaware,44.0,8.0,,
20200316,Florida,825.0,141.0,,4.0
20200316,Georgia,121.0,121.0,,1.0
20200316,Hawaii,7.0,7.0,,
20200316,Iowa,105.0,22.0,,
20200316,Idaho,270.0,5.0,,
20200316,Illinois,1025.0,93.0,,
20200316,Indiana,139.0,24.0,,1.0
20200316,Kansas,177.0,11.0,,1.0
20200316,Kentucky,255.0,21.0,,1.0
20200316,Louisiana,302.0,114.0,,2.0
20200316,Massachusetts,516.0,164.0,,
20200316,Maryland,131.0,37.0,,
20200316,Maine,781.0,17.0,,
20200316,Michigan,2205.0,1933.0,,
20200316,Minnesota,1893.0,54.0,,
20200316,Missouri,170.0,6.0,,0.0
20200316,Mississippi,289.0,12.0,,
20200316,Montana,205.0,7.0,,
20200316,North Carolina,329.0,33.0,,0.0
20200316,North Dakota,124.0,1.0,,0.0
20200316,Nebraska,188.0,18.0,,
20200316,New Hampshire,284.0,13.0,,
20200316,New Jersey,298.0,178.0,,2.0
20200316,New Mexico,583.0,17.0,,
20200316,Nevada,213.0,45.0,,1.0
20200316,New York,5493.0,950.0,,7.0
20200316,Ohio,190.0,50.0,,
20200316,Oklahoma,184.0,10.0,,
20200316,Oregon,618.0,39.0,,
20200316,Pennsylvania,746.0,76.0,,
20200316,Rhode Island,329.0,21.0,,
20200316,South Carolina,263.0,28.0,,1.0
20200316,South Dakota,504.0,10.0,,
20200316,Tennessee,322.0,52.0,,
20200316,Texas,57.0,57.0,,
20200316,Utah,170.0,39.0,,0.0
20200316,Virginia,489.0,51.0,,1.0
20200316,Vermont,429.0,8.0,,
20200316,Washington,10517.0,1066.0,,68.0
20200316,Wisconsin,551.0,47.0,,
20200316,West Virginia,80.0,0.0,,0.0
20200316,Wyoming,3.0,3.0,,
20200315,Alaska,144.0,1.0,,0.0
20200315,Alabama,40.0,12.0,,0.0
20200315,Arkansas,119.0,16.0,,
20200315,Arizona,133.0,12.0,,0.0
20200315,California,1209.0,293.0,,5.0
20200315,Colorado,758.0,131.0,,1.0
20200315,Connecticut,145.0,20.0,,
20200315,District of Columbia,95.0,16.0,,
20200315,Delaware,42.0,6.0,,
20200315,Florida,794.0,116.0,,4.0
20200315,Georgia,99.0,99.0,,1.0
20200315,Hawaii,2.0,2.0,,
20200315,Iowa,101.0,18.0,,
20200315,Idaho,179.0,5.0,,
20200315,Illinois,513.0,64.0,,
20200315,Indiana,121.0,19.0,,0.0
20200315,Kansas,143.0,8.0,,1.0
20200315,Kentucky,155.0,16.0,,
20200315,Louisiana,247.0,91.0,,2.0
20200315,Massachusetts,490.0,138.0,,
20200315,Maryland,125.0,31.0,,
20200315,Maine,94.0,3.0,,
20200315,Michigan,1685.0,1480.0,,
20200315,Minnesota,1422.0,35.0,,
20200315,Missouri,127.0,5.0,,0.0
20200315,Mississippi,94.0,10.0,,
20200315,Montana,110.0,7.0,,
20200315,North Carolina,259.0,32.0,,
20200315,North Dakota,96.0,1.0,,0.0
20200315,Nebraska,97.0,17.0,,
20200315,New Hampshire,284.0,13.0,,
20200315,New Jersey,218.0,98.0,,2.0
20200315,New Mexico,495.0,13.0,,
20200315,Nevada,189.0,21.0,,
20200315,New York,5272.0,729.0,,3.0
20200315,Ohio,175.0,36.0,,
20200315,Oklahoma,127.0,9.0,,
20200315,Oregon,456.0,36.0,,
20200315,Pennsylvania,268.0,63.0,,
20200315,Rhode Island,291.0,20.0,,
20200315,South Carolina,173.0,19.0,,
20200315,South Dakota,336.0,9.0,,
20200315,Tennessee,196.0,39.0,,
20200315,Texas,56.0,56.0,,
20200315,Utah,159.0,28.0,,0.0
20200315,Virginia,408.0,45.0,,1.0
20200315,Vermont,352.0,4.0,,
20200315,Washington,8060.0,938.0,,56.0
20200315,Wisconsin,346.0,33.0,,
20200315,West Virginia,38.0,0.0,,0.0
20200315,Wyoming,3.0,3.0,,
20200314,Alaska,144.0,1.0,,0.0
20200314,Alabama,28.0,6.0,,
20200314,Arkansas,77.0,12.0,,
20200314,Arizona,133.0,12.0,,0.0
20200314,California,1168.0,252.0,,5.0
20200314,Colorado,711.0,101.0,,1.0
20200314,Connecticut,136.0,11.0,,
20200314,District of Columbia,59.0,10.0,,
20200314,Delaware,42.0,6.0,,
20200314,Florida,555.0,77.0,,3.0
20200314,Georgia,66.0,66.0,,1.0
20200314,Hawaii,2.0,2.0,,
20200314,Iowa,100.0,17.0,,
20200314,Idaho,176.0,2.0,,
20200314,Illinois,362.0,46.0,,
20200314,Indiana,89.0,15.0,,0.0
20200314,Kansas,99.0,6.0,,1.0
20200314,Kentucky,153.0,14.0,,
20200314,Louisiana,178.0,69.0,,
20200314,Massachusetts,490.0,138.0,,
20200314,Maryland,120.0,26.0,,
20200314,Maine,94.0,3.0,,
20200314,Michigan,1401.0,1196.0,,
20200314,Minnesota,868.0,21.0,,
20200314,Missouri,94.0,4.0,,0.0
20200314,Mississippi,90.0,6.0,,
20200314,Montana,108.0,5.0,,
20200314,North Carolina,160.0,23.0,,
20200314,North Dakota,55.0,1.0,,0.0
20200314,Nebraska,94.0,14.0,,
20200314,New Hampshire,219.0,7.0,,
20200314,New Jersey,147.0,50.0,,1.0
20200314,New Mexico,247.0,10.0,,
20200314,Nevada,188.0,20.0,,
20200314,New York,3303.0,524.0,,
20200314,Ohio,63.0,13.0,,
20200314,Oklahoma,40.0,4.0,,
20200314,Oregon,367.0,30.0,,
20200314,Pennsylvania,252.0,47.0,,
20200314,Rhode Island,218.0,20.0,,
20200314,South Carolina,123.0,13.0,,
20200314,South Dakota,191.0,9.0,,
20200314,Tennessee,162.0,32.0,,
20200314,Texas,51.0,51.0,,
20200314,Utah,137.0,6.0,,
20200314,Virginia,147.0,30.0,,
20200314,Vermont,231.0,4.0,,
20200314,Washington,6806.0,805.0,,51.0
20200314,Wisconsin,188.0,19.0,,
20200314,West Virginia,26.0,0.0,,
20200314,Wyoming,2.0,2.0,,
20200313,Alaska,60.0,1.0,,0.0
20200313,Alabama,12.0,1.0,,
20200313,Arkansas,39.0,9.0,,
20200313,Arizona,103.0,9.0,,0.0
20200313,California,1118.0,202.0,,4.0
20200313,Colorado,596.0,72.0,,
20200313,Connecticut,105.0,6.0,,
20200313,District of Columbia,30.0,10.0,,
20200313,Delaware,34.0,4.0,,
20200313,Florida,528.0,50.0,,2.0
20200313,Georgia,42.0,42.0,,1.0
20200313,Hawaii,2.0,2.0,,
20200313,Iowa,99.0,16.0,,
20200313,Idaho,131.0,0.0,,
20200313,Illinois,326.0,32.0,,
20200313,Indiana,73.0,12.0,,
20200313,Kansas,99.0,6.0,,
20200313,Kentucky,118.0,11.0,,
20200313,Louisiana,73.0,36.0,,
20200313,Massachusetts,215.0,123.0,,
20200313,Maryland,111.0,17.0,,
20200313,Maine,94.0,3.0,,
20200313,Michigan,1078.0,945.0,,
20200313,Minnesota,555.0,14.0,,
20200313,Missouri,73.0,2.0,,
20200313,Mississippi,45.0,4.0,,
20200313,Montana,56.0,1.0,,
20200313,North Carolina,101.0,15.0,,
20200313,North Dakota,40.0,1.0,,0.0
20200313,Nebraska,93.0,13.0,,
20200313,New Hampshire,100.0,6.0,,
20200313,New Jersey,147.0,50.0,,1.0
20200313,New Mexico,200.0,10.0,,
20200313,Nevada,179.0,11.0,,
20200313,New York,3200.0,421.0,,
20200313,Ohio,63.0,13.0,,
20200313,Oklahoma,39.0,3.0,,
20200313,Oregon,367.0,30.0,,
20200313,Pennsylvania,181.0,41.0,,
20200313,Rhode Island,156.0,14.0,,
20200313,South Carolina,87.0,12.0,,
20200313,South Dakota,82.0,9.0,,
20200313,Tennessee,142.0,26.0,,
20200313,Texas,39.0,39.0,,
20200313,Utah,137.0,6.0,,
20200313,Virginia,147.0,30.0,,
20200313,Vermont,144.0,2.0,,
20200313,Washington,5051.0,701.0,,47.0
20200313,Wisconsin,188.0,19.0,,
20200313,West Virginia,17.0,0.0,,
20200313,Wyoming,1.0,1.0,,
20200312,Alaska,46.0,0.0,,0.0
20200312,Alabama,10.0,0.0,,
20200312,Arkansas,30.0,6.0,,
20200312,Arizona,91.0,9.0,,
20200312,California,1118.0,202.0,,4.0
20200312,Colorado,343.0,45.0,,
20200312,Connecticut,95.0,6.0,,
20200312,District of Columbia,30.0,10.0,,
20200312,Delaware,27.0,4.0,,
20200312,Florida,333.0,32.0,,2.0
20200312,Georgia,31.0,31.0,,
20200312,Hawaii,2.0,2.0,,
20200312,Iowa,81.0,14.0,,
20200312,Idaho,93.0,0.0,,
20200312,Illinois,291.0,25.0,,
20200312,Indiana,64.0,12.0,,
20200312,Kansas,45.0,4.0,,
20200312,Kentucky,64.0,8.0,,
20200312,Louisiana,51.0,14.0,,
20200312,Massachusetts,95.0,95.0,,
20200312,Maryland,106.0,12.0,,
20200312,Maine,66.0,1.0,,
20200312,Michigan,793.0,702.0,,
20200312,Minnesota,316.0,9.0,,
20200312,Missouri,65.0,1.0,,
20200312,Mississippi,42.0,1.0,,
20200312,Montana,35.0,1.0,,
20200312,North Carolina,72.0,12.0,,
20200312,North Dakota,13.0,1.0,,
20200312,Nebraska,90.0,10.0,,
20200312,New Hampshire,100.0,6.0,,
20200312,New Jersey,104.0,30.0,,1.0
20200312,New Mexico,160.0,5.0,,
20200312,Nevada,175.0,7.0,,
20200312,New York,308.0,216.0,,
20200312,Ohio,35.0,5.0,,
20200312,Oklahoma,39.0,3.0,,
20200312,Oregon,305.0,19.0,,
20200312,Pennsylvania,138.0,22.0,,
20200312,Rhode Island,99.0,5.0,,
20200312,South Carolina,58.0,10.0,,
20200312,South Dakota,35.0,8.0,,
20200312,Tennessee,97.0,18.0,,
20200312,Texas,23.0,23.0,,
20200312,Utah,135.0,4.0,,
20200312,Virginia,134.0,17.0,,
20200312,Vermont,99.0,2.0,,
20200312,Washington,3587.0,550.0,,44.0
20200312,Wisconsin,92.0,8.0,,
20200312,West Virginia,7.0,0.0,,
20200312,Wyoming,1.0,1.0,,
20200311,Alaska,46.0,0.0,,0.0
20200311,Alabama,10.0,0.0,,
20200311,Arkansas,12.0,0.0,,
20200311,Arizona,68.0,9.0,,
20200311,California,1073.0,157.0,,
20200311,Colorado,279.0,28.0,,
20200311,Connecticut,74.0,3.0,,
20200311,District of Columbia,25.0,5.0,,
20200311,Delaware,18.0,1.0,,
20200311,Florida,329.0,28.0,,2.0
20200311,Georgia,22.0,22.0,,
20200311,Hawaii,2.0,2.0,,
20200311,Iowa,59.0,13.0,,
20200311,Idaho,67.0,0.0,,
20200311,Illinois,263.0,19.0,,
20200311,Indiana,43.0,10.0,,
20200311,Kansas,42.0,1.0,,
20200311,Kentucky,54.0,8.0,,
20200311,Louisiana,43.0,6.0,,
20200311,Massachusetts,92.0,92.0,,
20200311,Maryland,103.0,9.0,,
20200311,Maine,42.0,0.0,,
20200311,Michigan,554.0,497.0,,
20200311,Minnesota,222.0,5.0,,
20200311,Missouri,1.0,1.0,,
20200311,Mississippi,20.0,0.0,,
20200311,Montana,21.0,0.0,,
20200311,North Carolina,7.0,7.0,,
20200311,North Dakota,7.0,0.0,,
20200311,Nebraska,52.0,5.0,,
20200311,New Hampshire,42.0,4.0,,
20200311,New Jersey,81.0,24.0,,1.0
20200311,New Mexico,90.0,3.0,,
20200311,Nevada,173.0,5.0,,
20200311,New York,308.0,216.0,,
20200311,Ohio,25.0,4.0,,
20200311,Oklahoma,17.0,2.0,,
20200311,Oregon,305.0,19.0,,
20200311,Pennsylvania,104.0,16.0,,
20200311,Rhode Island,99.0,5.0,,
20200311,South Carolina,41.0,9.0,,
20200311,South Dakota,18.0,5.0,,
20200311,Tennessee,57.0,7.0,,
20200311,Texas,21.0,21.0,,
20200311,Utah,2.0,2.0,,
20200311,Virginia,69.0,9.0,,
20200311,Vermont,63.0,1.0,,
20200311,Washington,2656.0,481.0,,40.0
20200311,Wisconsin,46.0,3.0,,
20200311,West Virginia,3.0,0.0,,
20200311,Wyoming,0.0,0.0,,
20200310,Alaska,23.0,0.0,,0.0
20200310,Alabama,0.0,0.0,,
20200310,Arkansas,12.0,0.0,,
20200310,Arizona,57.0,6.0,,
20200310,California,823.0,133.0,,
20200310,Colorado,154.0,12.0,,
20200310,Connecticut,56.0,2.0,,
20200310,District of Columbia,22.0,5.0,,
20200310,Delaware,17.0,0.0,,
20200310,Florida,241.0,19.0,,
20200310,Georgia,17.0,17.0,,
20200310,Hawaii,2.0,2.0,,
20200310,Iowa,40.0,8.0,,
20200310,Idaho,41.0,0.0,,
20200310,Illinois,263.0,19.0,,
20200310,Indiana,36.0,6.0,,
20200310,Kansas,18.0,1.0,,
20200310,Kentucky,34.0,6.0,,
20200310,Louisiana,12.0,1.0,,
20200310,Massachusetts,92.0,92.0,,
20200310,Maryland,95.0,6.0,,
20200310,Maine,20.0,0.0,,
20200310,Michigan,397.0,358.0,,
20200310,Minnesota,135.0,3.0,,
20200310,Missouri,1.0,1.0,,
20200310,Mississippi,0.0,0.0,,
20200310,Montana,15.0,0.0,,
20200310,North Carolina,7.0,7.0,,
20200310,North Dakota,6.0,0.0,,
20200310,Nebraska,50.0,3.0,,
20200310,New Hampshire,42.0,4.0,,
20200310,New Jersey,59.0,15.0,,
20200310,New Mexico,69.0,0.0,,
20200310,Nevada,15.0,1.0,,
20200310,New York,265.0,173.0,,
20200310,Ohio,17.0,3.0,,
20200310,Oklahoma,17.0,2.0,,
20200310,Oregon,228.0,15.0,,
20200310,Pennsylvania,12.0,12.0,,
20200310,Rhode Island,61.0,3.0,,
20200310,South Carolina,31.0,7.0,,
20200310,South Dakota,11.0,0.0,,
20200310,Tennessee,7.0,7.0,,
20200310,Texas,13.0,13.0,,
20200310,Utah,2.0,2.0,,
20200310,Virginia,61.0,8.0,,
20200310,Vermont,41.0,1.0,,
20200310,Washington,1507.0,397.0,,37.0
20200310,Wisconsin,38.0,2.0,,
20200310,West Virginia,2.0,0.0,,
20200310,Wyoming,0.0,0.0,,
20200309,Alaska,23.0,0.0,,0.0
20200309,Alabama,0.0,0.0,,
20200309,Arkansas,12.0,0.0,,
20200309,Arizona,49.0,5.0,,
20200309,California,804.0,114.0,,
20200309,Colorado,142.0,9.0,,
20200309,Connecticut,47.0,1.0,,
20200309,District of Columbia,15.0,1.0,,
20200309,Delaware,15.0,0.0,,
20200309,Florida,158.0,18.0,,
20200309,Georgia,12.0,12.0,,
20200309,Hawaii,2.0,2.0,,
20200309,Iowa,29.0,3.0,,
20200309,Idaho,41.0,0.0,,
20200309,Illinois,198.0,7.0,,
20200309,Indiana,2.0,2.0,,
20200309,Kansas,12.0,1.0,,
20200309,Kentucky,21.0,4.0,,
20200309,Louisiana,6.0,1.0,,
20200309,Massachusetts,41.0,41.0,,
20200309,Maryland,78.0,5.0,,
20200309,Maine,1.0,0.0,,
20200309,Michigan,290.0,254.0,,
20200309,Minnesota,82.0,2.0,,
20200309,Missouri,1.0,1.0,,
20200309,Mississippi,0.0,0.0,,
20200309,Montana,11.0,0.0,,
20200309,North Carolina,2.0,2.0,,
20200309,North Dakota,0.0,0.0,,
20200309,Nebraska,39.0,3.0,,
20200309,New Hampshire,42.0,4.0,,
20200309,New Jersey,46.0,11.0,,
20200309,New Mexico,57.0,0.0,,
20200309,Nevada,15.0,1.0,,
20200309,New York,234.0,142.0,,
20200309,Ohio,14.0,3.0,,
20200309,Oklahoma,9.0,1.0,,
20200309,Oregon,179.0,14.0,,
20200309,Pennsylvania,10.0,10.0,,
20200309,Rhode Island,33.0,3.0,,
20200309,South Carolina,31.0,7.0,,
20200309,South Dakota,5.0,0.0,,
20200309,Tennessee,3.0,3.0,,
20200309,Texas,12.0,12.0,,
20200309,Utah,1.0,1.0,,
20200309,Virginia,41.0,3.0,,
20200309,Vermont,35.0,1.0,,
20200309,Washington,1459.0,349.0,,35.0
20200309,Wisconsin,37.0,1.0,,
20200309,West Virginia,2.0,0.0,,
20200309,Wyoming,0.0,0.0,,
20200308,Alaska,14.0,0.0,,0.0
20200308,Alabama,0.0,0.0,,
20200308,Arkansas,6.0,0.0,,
20200308,Arizona,49.0,5.0,,
20200308,California,550.0,88.0,,
20200308,Colorado,112.0,8.0,,
20200308,Connecticut,30.0,1.0,,
20200308,District of Columbia,11.0,1.0,,
20200308,Delaware,10.0,0.0,,
20200308,Florida,135.0,17.0,,
20200308,Georgia,7.0,7.0,,
20200308,Hawaii,1.0,1.0,,
20200308,Iowa,15.0,0.0,,
20200308,Idaho,27.0,0.0,,
20200308,Illinois,197.0,6.0,,
20200308,Indiana,2.0,2.0,,
20200308,Kansas,12.0,1.0,,
20200308,Kentucky,14.0,1.0,,
20200308,Louisiana,5.0,0.0,,
20200308,Massachusetts,13.0,13.0,,
20200308,Maryland,55.0,3.0,,
20200308,Maine,1.0,0.0,,
20200308,Michigan,194.0,168.0,,
20200308,Minnesota,49.0,1.0,,
20200308,Missouri,1.0,1.0,,
20200308,Mississippi,0.0,0.0,,
20200308,Montana,11.0,0.0,,
20200308,North Carolina,2.0,2.0,,
20200308,North Dakota,0.0,0.0,,
20200308,Nebraska,18.0,1.0,,
20200308,New Hampshire,42.0,4.0,,
20200308,New Jersey,37.0,6.0,,
20200308,New Mexico,48.0,0.0,,
20200308,Nevada,15.0,1.0,,
20200308,New York,197.0,105.0,,
20200308,Ohio,10.0,0.0,,
20200308,Oklahoma,9.0,1.0,,
20200308,Oregon,114.0,14.0,,
20200308,Pennsylvania,6.0,6.0,,
20200308,Rhode Island,33.0,3.0,,
20200308,South Carolina,10.0,2.0,,
20200308,South Dakota,5.0,0.0,,
20200308,Tennessee,3.0,3.0,,
20200308,Texas,8.0,8.0,,
20200308,Utah,1.0,1.0,,
20200308,Virginia,38.0,2.0,,
20200308,Vermont,29.0,1.0,,
20200308,Washington,889.0,249.0,,31.0
20200308,Wisconsin,32.0,1.0,,
20200308,West Virginia,2.0,0.0,,
20200308,Wyoming,0.0,0.0,,
20200307,Alaska,12.0,0.0,,0.0
20200307,Alabama,0.0,0.0,,
20200307,Arkansas,6.0,0.0,,
20200307,Arizona,49.0,5.0,,
20200307,California,531.0,69.0,,
20200307,Colorado,63.0,8.0,,
20200307,Connecticut,0.0,0.0,,
20200307,District of Columbia,8.0,0.0,,
20200307,Delaware,10.0,0.0,,
20200307,Florida,114.0,14.0,,
20200307,Georgia,6.0,6.0,,
20200307,Hawaii,1.0,1.0,,
20200307,Iowa,15.0,0.0,,
20200307,Idaho,27.0,0.0,,
20200307,Illinois,197.0,6.0,,
20200307,Indiana,1.0,1.0,,
20200307,Kansas,11.0,0.0,,
20200307,Kentucky,10.0,1.0,,
20200307,Louisiana,0.0,0.0,,
20200307,Massachusetts,13.0,13.0,,
20200307,Maryland,44.0,3.0,,
20200307,Maine,1.0,0.0,,
20200307,Michigan,146.0,128.0,,
20200307,Minnesota,49.0,1.0,,
20200307,Missouri,0.0,0.0,,
20200307,Mississippi,0.0,0.0,,
20200307,Montana,11.0,0.0,,
20200307,North Carolina,2.0,2.0,,
20200307,North Dakota,0.0,0.0,,
20200307,Nebraska,18.0,1.0,,
20200307,New Hampshire,22.0,2.0,,
20200307,New Jersey,4.0,4.0,,
20200307,New Mexico,48.0,0.0,,
20200307,Nevada,15.0,1.0,,
20200307,New York,168.0,76.0,,
20200307,Ohio,9.0,0.0,,
20200307,Oklahoma,1.0,1.0,,
20200307,Oregon,84.0,7.0,,
20200307,Pennsylvania,4.0,4.0,,
20200307,Rhode Island,32.0,2.0,,
20200307,South Carolina,10.0,2.0,,
20200307,South Dakota,5.0,0.0,,
20200307,Tennessee,1.0,1.0,,
20200307,Texas,8.0,8.0,,
20200307,Utah,1.0,1.0,,
20200307,Virginia,31.0,0.0,,
20200307,Vermont,16.0,0.0,,
20200307,Washington,552.0,182.0,,27.0
20200307,Wisconsin,32.0,1.0,,
20200307,West Virginia,2.0,0.0,,
20200307,Wyoming,0.0,0.0,,
20200306,Alaska,8.0,0.0,,0.0
20200306,Arkansas,6.0,0.0,,
20200306,Arizona,36.0,3.0,,
20200306,California,522.0,60.0,,
20200306,Colorado,48.0,2.0,,
20200306,District of Columbia,8.0,0.0,,
20200306,Delaware,10.0,0.0,,
20200306,Florida,64.0,9.0,,
20200306,Georgia,2.0,2.0,,
20200306,Iowa,15.0,0.0,,
20200306,Illinois,185.0,5.0,,
20200306,Indiana,1.0,1.0,,
20200306,Kansas,4.0,0.0,,
20200306,Kentucky,7.0,0.0,,
20200306,Massachusetts,8.0,8.0,,
20200306,Maryland,29.0,3.0,,
20200306,Michigan,106.0,98.0,,
20200306,Minnesota,36.0,0.0,,
20200306,North Carolina,2.0,2.0,,
20200306,Nebraska,17.0,0.0,,
20200306,New Hampshire,22.0,2.0,,
20200306,New Jersey,1.0,1.0,,
20200306,New Mexico,16.0,0.0,,
20200306,Nevada,15.0,1.0,,
20200306,New York,125.0,33.0,,
20200306,Ohio,8.0,0.0,,
20200306,Oregon,67.0,3.0,,
20200306,Pennsylvania,2.0,2.0,,
20200306,Rhode Island,20.0,3.0,,
20200306,South Carolina,5.0,0.0,,
20200306,Tennessee,1.0,1.0,,
20200306,Texas,5.0,5.0,,
20200306,Virginia,21.0,0.0,,
20200306,Vermont,8.0,0.0,,
20200306,Washington,520.0,150.0,,26.0
20200306,Wisconsin,32.0,1.0,,
20200306,West Virginia,1.0,0.0,,
20200305,Arizona,30.0,2.0,,
20200305,California,515.0,53.0,,
20200305,Colorado,19.0,0.0,,
20200305,District of Columbia,6.0,0.0,,
20200305,Florida,40.0,9.0,,
20200305,Georgia,2.0,2.0,,
20200305,Illinois,170.0,5.0,,
20200305,Massachusetts,2.0,2.0,,
20200305,Maryland,17.0,0.0,,
20200305,Michigan,80.0,72.0,,
20200305,North Carolina,1.0,1.0,,
20200305,Nebraska,17.0,0.0,,
20200305,New Hampshire,18.0,2.0,,
20200305,New Jersey,1.0,1.0,,
20200305,Nevada,15.0,1.0,,
20200305,New York,98.0,22.0,,
20200305,Ohio,7.0,0.0,,
20200305,Oregon,48.0,3.0,,
20200305,Rhode Island,19.0,2.0,,
20200305,South Carolina,5.0,0.0,,
20200305,Tennessee,1.0,1.0,,
20200305,Texas,1.0,1.0,,
20200305,Virginia,18.0,0.0,,
20200305,Washington,97.0,97.0,,20.0
20200305,Wisconsin,20.0,1.0,,
20200304,Arizona,29.0,2.0,,
20200304,California,515.0,53.0,,
20200304,Florida,26.0,2.0,,
20200304,Georgia,2.0,2.0,,
20200304,Illinois,128.0,4.0,,
20200304,Massachusetts,2.0,2.0,,
20200304,Michigan,52.0,52.0,,
20200304,North Carolina,1.0,1.0,,
20200304,New Hampshire,12.0,2.0,,
20200304,New York,54.0,6.0,,
20200304,Oregon,32.0,3.0,,
20200304,Rhode Island,13.0,2.0,,
20200304,South Carolina,5.0,0.0,,
20200304,Texas,1.0,1.0,,
20200304,Washington,76.0,76.0,,16.0
20200304,Wisconsin,20.0,1.0,,
20200303,Michigan,34.0,34.0,,
20200303,Rhode Island,8.0,2.0,,
20200303,Washington,58.0,58.0,,14.0
20200302,Michigan,18.0,18.0,,
20200302,Rhode Island,1.0,1.0,,
20200302,Washington,34.0,34.0,,11.0
20200301,Michigan,9.0,9.0,,
20200301,Rhode Island,1.0,1.0,,
20200301,Washington,30.0,30.0,,8.0
20200229,Washington,18.0,18.0,,5.0
20200228,Washington,9.0,9.0,,4.0
20200227,Washington,2.0,2.0,,
20200226,Washington,2.0,2.0,,
20200225,Washington,2.0,2.0,,
20200224,Washington,2.0,2.0,,
20200223,Washington,2.0,2.0,,
20200222,Washington,2.0,2.0,,
20200221,Washington,2.0,2.0,,
20200220,Washington,2.0,2.0,,
20200219,Washington,2.0,2.0,,
20200218,Washington,2.0,2.0,,
20200217,Washington,2.0,2.0,,
20200216,Washington,2.0,2.0,,
20200215,Washington,2.0,2.0,,
20200214,Washington,2.0,2.0,,
20200213,Washington,2.0,2.0,,
20200212,Washington,2.0,2.0,,
20200211,Washington,2.0,2.0,,
20200210,Washington,2.0,2.0,,
20200209,Washington,2.0,2.0,,
20200208,Washington,2.0,2.0,,
20200207,Washington,2.0,2.0,,
20200206,Washington,1.0,1.0,,
20200205,Washington,1.0,1.0,,
20200204,Washington,1.0,1.0,,
20200203,Washington,1.0,1.0,,
20200202,Washington,1.0,1.0,,
20200201,Washington,1.0,1.0,,
20200131,Washington,1.0,1.0,,
20200130,Washington,1.0,1.0,,
20200129,Washington,1.0,1.0,,
20200128,Washington,1.0,1.0,,
20200127,Washington,1.0,1.0,,
20200126,Washington,1.0,1.0,,
20200125,Washington,1.0,1.0,,
20200124,Washington,1.0,1.0,,
20200123,Washington,1.0,1.0,,
20200122,Washington,1.0,1.0,,
